-- MySQL dump 10.15  Distrib 10.0.28-MariaDB, for debian-linux-gnu (x86_64)
--
-- Host: localhost    Database: localhost
-- ------------------------------------------------------
-- Server version	10.0.28-MariaDB-0ubuntu0.16.04.1

/*!40101 SET @OLD_CHARACTER_SET_CLIENT=@@CHARACTER_SET_CLIENT */;
/*!40101 SET @OLD_CHARACTER_SET_RESULTS=@@CHARACTER_SET_RESULTS */;
/*!40101 SET @OLD_COLLATION_CONNECTION=@@COLLATION_CONNECTION */;
/*!40101 SET NAMES utf8mb4 */;
/*!40103 SET @OLD_TIME_ZONE=@@TIME_ZONE */;
/*!40103 SET TIME_ZONE='+00:00' */;
/*!40014 SET @OLD_UNIQUE_CHECKS=@@UNIQUE_CHECKS, UNIQUE_CHECKS=0 */;
/*!40014 SET @OLD_FOREIGN_KEY_CHECKS=@@FOREIGN_KEY_CHECKS, FOREIGN_KEY_CHECKS=0 */;
/*!40101 SET @OLD_SQL_MODE=@@SQL_MODE, SQL_MODE='NO_AUTO_VALUE_ON_ZERO' */;
/*!40111 SET @OLD_SQL_NOTES=@@SQL_NOTES, SQL_NOTES=0 */;

--
-- Table structure for table `Almacenes`
--

DROP TABLE IF EXISTS `Almacenes`;
/*!40101 SET @saved_cs_client     = @@character_set_client */;
/*!40101 SET character_set_client = utf8 */;
CREATE TABLE `Almacenes` (
  `AlmacenID` int(10) unsigned NOT NULL AUTO_INCREMENT,
  `NombreAlmacen` varchar(50) NOT NULL,
  PRIMARY KEY (`AlmacenID`),
  UNIQUE KEY `NombreAlmacen_UNIQUE` (`NombreAlmacen`)
) ENGINE=InnoDB AUTO_INCREMENT=3 DEFAULT CHARSET=utf8mb4;
/*!40101 SET character_set_client = @saved_cs_client */;

--
-- Dumping data for table `Almacenes`
--

LOCK TABLES `Almacenes` WRITE;
/*!40000 ALTER TABLE `Almacenes` DISABLE KEYS */;
INSERT INTO `Almacenes` VALUES (1,'CASA MATRIZ'),(2,'SUCURSAL SAN SALVADOR');
/*!40000 ALTER TABLE `Almacenes` ENABLE KEYS */;
UNLOCK TABLES;

--
-- Table structure for table `CategoriaProductos`
--

DROP TABLE IF EXISTS `CategoriaProductos`;
/*!40101 SET @saved_cs_client     = @@character_set_client */;
/*!40101 SET character_set_client = utf8 */;
CREATE TABLE `CategoriaProductos` (
  `CategoriaProductoID` varchar(2) NOT NULL,
  `Nombre` varchar(50) NOT NULL,
  `Activo` tinyint(1) NOT NULL DEFAULT '1',
  PRIMARY KEY (`CategoriaProductoID`),
  UNIQUE KEY `Nombre_UNIQUE` (`Nombre`)
) ENGINE=InnoDB DEFAULT CHARSET=utf8mb4;
/*!40101 SET character_set_client = @saved_cs_client */;

--
-- Dumping data for table `CategoriaProductos`
--

LOCK TABLES `CategoriaProductos` WRITE;
/*!40000 ALTER TABLE `CategoriaProductos` DISABLE KEYS */;
INSERT INTO `CategoriaProductos` VALUES ('00','JARDINERIA',1),('01','PERNO GRADO 5 R/F',1),('02','PERNO HEXAG. GRADO 2',1),('03','PINTURA ANTICORROSIVA',1);
/*!40000 ALTER TABLE `CategoriaProductos` ENABLE KEYS */;
UNLOCK TABLES;

--
-- Table structure for table `CategoriasBienDet`
--

DROP TABLE IF EXISTS `CategoriasBienDet`;
/*!40101 SET @saved_cs_client     = @@character_set_client */;
/*!40101 SET character_set_client = utf8 */;
CREATE TABLE `CategoriasBienDet` (
  `CodigoBienDet` varchar(2) NOT NULL,
  `Descripcion` varchar(40) NOT NULL,
  PRIMARY KEY (`CodigoBienDet`),
  UNIQUE KEY `Categorias_UNIQUE` (`Descripcion`)
) ENGINE=InnoDB DEFAULT CHARSET=utf8mb4;
/*!40101 SET character_set_client = @saved_cs_client */;

--
-- Dumping data for table `CategoriasBienDet`
--

LOCK TABLES `CategoriasBienDet` WRITE;
/*!40000 ALTER TABLE `CategoriasBienDet` DISABLE KEYS */;
INSERT INTO `CategoriasBienDet` VALUES ('04','Bien para la Construcción'),('03','Materia Prima'),('02','Productos en Proceso'),('01','Productos Terminados');
/*!40000 ALTER TABLE `CategoriasBienDet` ENABLE KEYS */;
UNLOCK TABLES;

--
-- Table structure for table `ClientesPersonas`
--

DROP TABLE IF EXISTS `ClientesPersonas`;
/*!40101 SET @saved_cs_client     = @@character_set_client */;
/*!40101 SET character_set_client = utf8 */;
CREATE TABLE `ClientesPersonas` (
  `ClientesPersonasID` int(10) unsigned NOT NULL AUTO_INCREMENT,
  `Nombres` varchar(255) NOT NULL,
  `Apellidos` varchar(255) NOT NULL,
  `DUI` varchar(15) DEFAULT NULL,
  `NIT` varchar(20) DEFAULT NULL,
  PRIMARY KEY (`ClientesPersonasID`),
  UNIQUE KEY `DUI_UNIQUE` (`DUI`),
  UNIQUE KEY `NIT_UNIQUE` (`NIT`)
) ENGINE=InnoDB DEFAULT CHARSET=utf8mb4;
/*!40101 SET character_set_client = @saved_cs_client */;

--
-- Dumping data for table `ClientesPersonas`
--

LOCK TABLES `ClientesPersonas` WRITE;
/*!40000 ALTER TABLE `ClientesPersonas` DISABLE KEYS */;
/*!40000 ALTER TABLE `ClientesPersonas` ENABLE KEYS */;
UNLOCK TABLES;

--
-- Table structure for table `Descuentos`
--

DROP TABLE IF EXISTS `Descuentos`;
/*!40101 SET @saved_cs_client     = @@character_set_client */;
/*!40101 SET character_set_client = utf8 */;
CREATE TABLE `Descuentos` (
  `DescuentoID` int(10) unsigned NOT NULL AUTO_INCREMENT,
  `RazonDescuento` varchar(45) NOT NULL,
  `CantidadDescontada` decimal(19,4) NOT NULL,
  `ProductoID` int(10) unsigned NOT NULL,
  PRIMARY KEY (`DescuentoID`),
  KEY `fk_Descuentos_Productos1_idx` (`ProductoID`),
  CONSTRAINT `fk_Descuentos_Productos1` FOREIGN KEY (`ProductoID`) REFERENCES `Productos` (`ProductoID`) ON DELETE CASCADE ON UPDATE CASCADE
) ENGINE=InnoDB DEFAULT CHARSET=utf8mb4;
/*!40101 SET character_set_client = @saved_cs_client */;

--
-- Dumping data for table `Descuentos`
--

LOCK TABLES `Descuentos` WRITE;
/*!40000 ALTER TABLE `Descuentos` DISABLE KEYS */;
/*!40000 ALTER TABLE `Descuentos` ENABLE KEYS */;
UNLOCK TABLES;

--
-- Table structure for table `DetalleAlmacenes`
--

DROP TABLE IF EXISTS `DetalleAlmacenes`;
/*!40101 SET @saved_cs_client     = @@character_set_client */;
/*!40101 SET character_set_client = utf8 */;
CREATE TABLE `DetalleAlmacenes` (
  `DetalleAlmacenesID` int(10) unsigned NOT NULL AUTO_INCREMENT,
  `Cantidad` int(11) NOT NULL,
  `AlmacenID` int(10) unsigned NOT NULL,
  `ProductoID` int(10) unsigned NOT NULL,
  PRIMARY KEY (`DetalleAlmacenesID`),
  UNIQUE KEY `Unique_DetalleAlmacenes_AlmacenProducto` (`AlmacenID`,`ProductoID`) USING BTREE COMMENT 'Solo debe haber un registro de un producto por cada almacen',
  KEY `fk_DetalleAlmacenes_Almacenes1_idx` (`AlmacenID`),
  KEY `fk_DetalleAlmacenes_Productos1_idx` (`ProductoID`),
  CONSTRAINT `fk_DetalleAlmacenes_Almacenes1` FOREIGN KEY (`AlmacenID`) REFERENCES `Almacenes` (`AlmacenID`) ON DELETE CASCADE ON UPDATE CASCADE,
  CONSTRAINT `fk_DetalleAlmacenes_Productos1` FOREIGN KEY (`ProductoID`) REFERENCES `Productos` (`ProductoID`) ON DELETE CASCADE ON UPDATE CASCADE
) ENGINE=InnoDB AUTO_INCREMENT=280 DEFAULT CHARSET=utf8mb4;
/*!40101 SET character_set_client = @saved_cs_client */;

--
-- Dumping data for table `DetalleAlmacenes`
--

LOCK TABLES `DetalleAlmacenes` WRITE;
/*!40000 ALTER TABLE `DetalleAlmacenes` DISABLE KEYS */;
INSERT INTO `DetalleAlmacenes` VALUES (1,104,1,1),(2,337,1,2),(3,3,1,3),(4,3,1,4),(5,3,1,5),(6,2,1,6),(7,0,1,7),(8,0,1,8),(9,1,1,9),(10,10,1,10),(11,4,1,11),(12,1,1,12),(13,331,1,13),(14,2,1,14),(15,5,1,15),(16,5,1,16),(17,0,1,17),(18,1,1,18),(19,8,1,19),(20,9,1,20),(21,6,1,21),(22,2,1,22),(23,3,1,23),(24,7,1,24),(25,2,1,25),(26,2,1,26),(27,2,1,27),(28,12,1,28),(29,2,1,29),(30,1,1,30),(31,4,1,31),(32,2,1,32),(33,135,1,33),(34,493,1,34),(35,316,1,35),(36,367,1,36),(37,422,1,37),(38,1,1,38),(39,4,1,39),(40,3,1,40),(41,4,1,41),(42,26,1,42),(43,5,1,43),(44,3,1,44),(45,1,1,45),(46,13,1,46),(47,6,1,47),(48,6,1,48),(49,23,1,49),(50,1,1,50),(51,8,1,51),(52,13,1,52),(53,1,1,53),(54,3,1,54),(55,15,1,55),(56,0,1,56),(57,32,1,57),(58,10,1,58),(59,23,1,59),(60,4,1,60),(61,33,1,61),(62,6,1,62),(63,6,1,63),(64,31,1,64),(65,0,1,65),(66,7,1,66),(67,0,1,67),(68,4,1,68),(69,7,1,69),(70,0,1,70),(71,5,1,71),(72,6,1,72),(73,0,1,73),(74,3,1,74),(75,7,1,75),(76,11,1,76),(77,1,1,77),(78,4,1,78),(79,10,1,79),(80,25,1,80),(81,6,1,81),(82,0,1,82),(83,9,1,83),(84,27,1,84),(85,6,1,85),(86,5,1,86),(87,12,1,87),(88,21,1,88),(89,15,1,89),(90,27,1,90),(91,2,1,91),(92,35,1,92),(93,15,1,93),(94,17,1,94),(95,20,1,95),(96,20,1,96),(97,4,1,97),(98,18,1,98),(99,25,1,99),(100,59,1,100),(101,66,1,101),(102,15,1,102),(103,8,1,103),(104,6,1,104),(105,12,1,105),(106,9,1,106),(107,14,1,107),(108,12,1,108),(109,24,1,109),(110,11,1,110),(111,15,1,111),(112,4,1,112),(113,11,1,113),(114,32,1,114),(115,16,1,115),(116,15,1,116),(117,9,1,117),(118,28,1,118),(119,16,1,119),(120,15,1,120),(121,15,1,121),(122,17,1,122),(123,33,1,123),(124,50,1,124),(125,48,1,125),(126,23,1,126),(127,46,1,127),(128,20,1,128),(129,2,1,129),(130,18,1,130),(131,12,1,131),(132,57,1,132),(133,26,1,133),(134,16,1,134),(135,23,1,135),(136,9,1,136),(137,110,1,137),(138,62,1,138),(139,15,1,139),(140,25,1,140),(141,34,1,141),(142,67,1,142),(143,82,1,143),(144,19,1,144),(145,30,1,145),(146,20,1,146),(147,10,1,147),(148,147,1,148),(149,109,1,149),(150,20,1,150),(151,22,1,151),(152,44,1,152),(153,35,1,153),(154,88,1,154),(155,43,1,155),(156,8,1,156),(157,32,1,157),(158,132,1,158),(159,90,1,159),(160,26,1,160),(161,223,1,161),(162,322,1,162),(163,360,1,163),(164,315,1,164),(165,221,1,165),(166,214,1,166),(167,189,1,167),(168,94,1,168),(169,69,1,169),(170,46,1,170),(171,54,1,171),(172,153,1,172),(173,30,1,173),(174,17,1,174),(175,34,1,175),(176,23,1,176),(177,22,1,177),(178,5,1,178),(179,23,1,179),(180,176,1,180),(181,330,1,181),(182,0,1,182),(183,118,1,183),(184,162,1,184),(185,55,1,185),(186,121,1,186),(187,170,1,187),(188,76,1,188),(189,35,1,189),(190,19,1,190),(191,50,1,191),(192,17,1,192),(193,100,1,193),(194,209,1,194),(195,129,1,195),(196,62,1,196),(197,185,1,197),(198,88,1,198),(199,101,1,199),(200,37,1,200),(201,58,1,201),(202,93,1,202),(203,50,1,203),(204,49,1,204),(205,26,1,205),(206,17,1,206),(207,27,1,207),(208,43,1,208),(209,62,1,209),(210,16,1,210),(211,32,1,211),(212,44,1,212),(213,61,1,213),(214,77,1,214),(215,23,1,215),(216,38,1,216),(217,28,1,217),(218,30,1,218),(219,25,1,219),(220,40,1,220),(221,17,1,221),(222,11,1,222),(223,34,1,223),(224,20,1,224),(225,1,1,225),(226,53,1,226),(227,48,1,227),(228,31,1,228),(229,48,1,229),(230,14,1,230),(231,31,1,231),(232,20,1,232),(233,69,1,233),(234,25,1,234),(235,47,1,235),(236,24,1,236),(237,2,1,237),(238,9,1,238),(239,0,1,239),(240,26,1,240),(241,4,1,241),(242,9,1,242),(243,6,1,243),(244,6,1,244),(245,5,1,245),(246,30,1,246),(247,56,1,247),(248,20,1,248),(249,48,1,249),(250,32,1,250),(251,23,1,251),(252,112,1,252),(253,56,1,253),(254,46,1,254),(255,41,1,255),(256,38,1,256),(257,36,1,257),(258,6,1,258),(259,3,1,259),(260,6,1,260),(261,8,1,261),(262,8,1,262),(263,6,1,263),(264,0,1,264),(265,3,1,265),(266,13,1,266),(267,3,1,267),(268,3,1,268),(269,3,1,269),(270,3,1,270),(271,3,1,271),(272,11,1,272),(273,11,1,273),(274,0,1,274),(275,50,1,275),(276,10,2,3),(277,100,1,277),(278,1,2,6),(279,60,2,1);
/*!40000 ALTER TABLE `DetalleAlmacenes` ENABLE KEYS */;
UNLOCK TABLES;

--
-- Table structure for table `DetalleFactura`
--

DROP TABLE IF EXISTS `DetalleFactura`;
/*!40101 SET @saved_cs_client     = @@character_set_client */;
/*!40101 SET character_set_client = utf8 */;
CREATE TABLE `DetalleFactura` (
  `DetalleFacutaID` int(10) unsigned NOT NULL AUTO_INCREMENT,
  `Cantidad` int(11) NOT NULL,
  `PrecioUnitario` decimal(19,4) NOT NULL,
  `ProductoID` int(10) unsigned DEFAULT NULL,
  `FacturaID` int(10) unsigned NOT NULL,
  PRIMARY KEY (`DetalleFacutaID`),
  KEY `fk_DetalleMovimientos_Productos1_idx` (`ProductoID`),
  KEY `fk_DetalleMovimientos_Facturas1_idx` (`FacturaID`),
  CONSTRAINT `fk_DetalleMovimientos_Facturas1` FOREIGN KEY (`FacturaID`) REFERENCES `Facturas` (`FacturaID`) ON DELETE CASCADE ON UPDATE CASCADE,
  CONSTRAINT `fk_DetalleMovimientos_Productos1` FOREIGN KEY (`ProductoID`) REFERENCES `Productos` (`ProductoID`) ON DELETE SET NULL ON UPDATE CASCADE
) ENGINE=InnoDB DEFAULT CHARSET=utf8mb4;
/*!40101 SET character_set_client = @saved_cs_client */;

--
-- Dumping data for table `DetalleFactura`
--

LOCK TABLES `DetalleFactura` WRITE;
/*!40000 ALTER TABLE `DetalleFactura` DISABLE KEYS */;
/*!40000 ALTER TABLE `DetalleFactura` ENABLE KEYS */;
UNLOCK TABLES;

--
-- Table structure for table `DetalleIngresos`
--

DROP TABLE IF EXISTS `DetalleIngresos`;
/*!40101 SET @saved_cs_client     = @@character_set_client */;
/*!40101 SET character_set_client = utf8 */;
CREATE TABLE `DetalleIngresos` (
  `DetalleIngresosID` int(10) unsigned NOT NULL AUTO_INCREMENT,
  `Cantidad` int(11) NOT NULL,
  `PrecioUnitario` decimal(19,4) NOT NULL,
  `CostoActual` decimal(19,4) NOT NULL,
  `FechaIngreso` timestamp NOT NULL DEFAULT CURRENT_TIMESTAMP,
  `ProductoID` int(10) unsigned NOT NULL,
  `EmpresaID` int(10) unsigned DEFAULT NULL,
  `AlmacenID` int(10) unsigned DEFAULT NULL,
  PRIMARY KEY (`DetalleIngresosID`),
  KEY `fk_DetalleIngresos_Productos1_idx` (`ProductoID`),
  KEY `fk_DetalleIngresos_Empresas1_idx` (`EmpresaID`),
  KEY `fk_DetalleIngresos_Almacenes1_idx` (`AlmacenID`),
  CONSTRAINT `fk_DetalleIngresos_Almacenes1` FOREIGN KEY (`AlmacenID`) REFERENCES `Almacenes` (`AlmacenID`) ON DELETE SET NULL ON UPDATE SET NULL,
  CONSTRAINT `fk_DetalleIngresos_Empresas1` FOREIGN KEY (`EmpresaID`) REFERENCES `Empresas` (`EmpresaID`) ON DELETE SET NULL ON UPDATE CASCADE,
  CONSTRAINT `fk_DetalleIngresos_Productos1` FOREIGN KEY (`ProductoID`) REFERENCES `Productos` (`ProductoID`) ON DELETE CASCADE ON UPDATE CASCADE
) ENGINE=InnoDB AUTO_INCREMENT=283 DEFAULT CHARSET=utf8mb4;
/*!40101 SET character_set_client = @saved_cs_client */;

--
-- Dumping data for table `DetalleIngresos`
--

LOCK TABLES `DetalleIngresos` WRITE;
/*!40000 ALTER TABLE `DetalleIngresos` DISABLE KEYS */;
INSERT INTO `DetalleIngresos` VALUES (1,4,0.8600,0.8600,'2017-01-08 00:27:04',1,NULL,1),(2,337,0.1600,0.1600,'2017-01-08 00:27:04',2,NULL,1),(3,3,8.4300,8.4300,'2017-01-08 00:27:04',3,NULL,1),(4,3,6.4200,6.4200,'2017-01-08 00:27:04',4,NULL,1),(5,3,6.3000,6.3000,'2017-01-08 00:27:04',5,NULL,1),(6,2,6.3000,6.3000,'2017-01-08 00:27:04',6,NULL,1),(7,0,6.6500,6.6500,'2017-01-08 00:27:04',7,NULL,1),(8,0,6.3000,6.3000,'2017-01-08 00:27:04',8,NULL,1),(9,1,8.1000,8.1000,'2017-01-08 00:27:04',9,NULL,1),(10,10,1.3100,1.3100,'2017-01-08 00:27:04',10,NULL,1),(11,4,4.1300,4.1300,'2017-01-08 00:27:04',11,NULL,1),(12,1,25.8000,25.8000,'2017-01-08 00:27:04',12,NULL,1),(13,331,0.0400,0.0400,'2017-01-08 00:27:04',13,NULL,1),(14,2,12.2200,12.2200,'2017-01-08 00:27:04',14,NULL,1),(15,5,12.5300,12.5300,'2017-01-08 00:27:04',15,NULL,1),(16,5,7.2500,7.2500,'2017-01-08 00:27:04',16,NULL,1),(17,0,7.0700,7.0700,'2017-01-08 00:27:04',17,NULL,1),(18,1,3.9300,3.9300,'2017-01-08 00:27:04',18,NULL,1),(19,8,2.9600,2.9600,'2017-01-08 00:27:04',19,NULL,1),(20,9,9.6100,9.6100,'2017-01-08 00:27:04',20,NULL,1),(21,6,5.3000,5.3000,'2017-01-08 00:27:04',21,NULL,1),(22,2,13.5000,13.5000,'2017-01-08 00:27:04',22,NULL,1),(23,3,11.4600,11.4600,'2017-01-08 00:27:04',23,NULL,1),(24,7,3.5600,3.5600,'2017-01-08 00:27:04',24,NULL,1),(25,2,5.4200,5.4200,'2017-01-08 00:27:04',25,NULL,1),(26,2,3.5400,3.5400,'2017-01-08 00:27:05',26,NULL,1),(27,2,8.7200,8.7200,'2017-01-08 00:27:05',27,NULL,1),(28,12,16.4300,16.4300,'2017-01-08 00:27:05',28,NULL,1),(29,2,11.3400,11.3400,'2017-01-08 00:27:05',29,NULL,1),(30,1,6.0600,6.0600,'2017-01-08 00:27:05',30,NULL,1),(31,4,11.7000,11.7000,'2017-01-08 00:27:05',31,NULL,1),(32,2,13.7800,13.7800,'2017-01-08 00:27:05',32,NULL,1),(33,135,0.2400,0.2400,'2017-01-08 00:27:05',33,NULL,1),(34,493,0.2300,0.2300,'2017-01-08 00:27:05',34,NULL,1),(35,316,0.4400,0.4400,'2017-01-08 00:27:05',35,NULL,1),(36,367,0.6200,0.6200,'2017-01-08 00:27:05',36,NULL,1),(37,422,0.6200,0.6200,'2017-01-08 00:27:05',37,NULL,1),(38,1,0.9600,0.9600,'2017-01-08 00:27:05',38,NULL,1),(39,4,1.7900,1.7900,'2017-01-08 00:27:05',39,NULL,1),(40,3,1.8000,1.8000,'2017-01-08 00:27:05',40,NULL,1),(41,4,0.8800,0.8800,'2017-01-08 00:27:05',41,NULL,1),(42,26,1.1600,1.1600,'2017-01-08 00:27:05',42,NULL,1),(43,5,2.9600,2.9600,'2017-01-08 00:27:05',43,NULL,1),(44,3,3.4200,3.4200,'2017-01-08 00:27:05',44,NULL,1),(45,1,3.7500,3.7500,'2017-01-08 00:27:05',45,NULL,1),(46,13,2.8500,2.8500,'2017-01-08 00:27:05',46,NULL,1),(47,6,5.0300,5.0300,'2017-01-08 00:27:05',47,NULL,1),(48,6,3.2700,3.2700,'2017-01-08 00:27:05',48,NULL,1),(49,23,3.9600,3.9600,'2017-01-08 00:27:05',49,NULL,1),(50,1,6.5000,6.5000,'2017-01-08 00:27:05',50,NULL,1),(51,8,3.8100,3.8100,'2017-01-08 00:27:05',51,NULL,1),(52,13,2.7100,2.7100,'2017-01-08 00:27:05',52,NULL,1),(53,1,4.4400,4.4400,'2017-01-08 00:27:05',53,NULL,1),(54,3,3.5200,3.5200,'2017-01-08 00:27:05',54,NULL,1),(55,15,1.9900,1.9900,'2017-01-08 00:27:05',55,NULL,1),(56,0,0.7100,0.7100,'2017-01-08 00:27:05',56,NULL,1),(57,32,0.6200,0.6200,'2017-01-08 00:27:05',57,NULL,1),(58,10,0.8800,0.8800,'2017-01-08 00:27:05',58,NULL,1),(59,23,0.5900,0.5900,'2017-01-08 00:27:05',59,NULL,1),(60,4,1.2500,1.2500,'2017-01-08 00:27:05',60,NULL,1),(61,33,0.7600,0.7600,'2017-01-08 00:27:05',61,NULL,1),(62,6,2.6100,2.6100,'2017-01-08 00:27:05',62,NULL,1),(63,6,0.9200,0.9200,'2017-01-08 00:27:05',63,NULL,1),(64,31,0.6200,0.6200,'2017-01-08 00:27:05',64,NULL,1),(65,0,0.7200,0.7200,'2017-01-08 00:27:05',65,NULL,1),(66,7,1.1500,1.1500,'2017-01-08 00:27:05',66,NULL,1),(67,0,1.3500,1.3500,'2017-01-08 00:27:05',67,NULL,1),(68,4,0.5700,0.5700,'2017-01-08 00:27:05',68,NULL,1),(69,7,4.3100,4.3100,'2017-01-08 00:27:05',69,NULL,1),(70,0,5.2000,5.2000,'2017-01-08 00:27:05',70,NULL,1),(71,5,2.2000,2.2000,'2017-01-08 00:27:05',71,NULL,1),(72,6,4.5000,4.5000,'2017-01-08 00:27:05',72,NULL,1),(73,0,3.1000,3.1000,'2017-01-08 00:27:05',73,NULL,1),(74,3,3.5400,3.5400,'2017-01-08 00:27:05',74,NULL,1),(75,7,4.1800,4.1800,'2017-01-08 00:27:05',75,NULL,1),(76,11,5.8800,5.8800,'2017-01-08 00:27:05',76,NULL,1),(77,1,3.9800,3.9800,'2017-01-08 00:27:05',77,NULL,1),(78,4,0.6500,0.6500,'2017-01-08 00:27:05',78,NULL,1),(79,10,1.8600,1.8600,'2017-01-08 00:27:05',79,NULL,1),(80,25,0.6800,0.6800,'2017-01-08 00:27:05',80,NULL,1),(81,6,0.9800,0.9800,'2017-01-08 00:27:05',81,NULL,1),(82,0,1.3200,1.3200,'2017-01-08 00:27:05',82,NULL,1),(83,9,0.2300,0.2300,'2017-01-08 00:27:05',83,NULL,1),(84,27,0.2600,0.2600,'2017-01-08 00:27:05',84,NULL,1),(85,6,0.2900,0.2900,'2017-01-08 00:27:05',85,NULL,1),(86,5,0.2200,0.2200,'2017-01-08 00:27:05',86,NULL,1),(87,12,0.5400,0.5400,'2017-01-08 00:27:05',87,NULL,1),(88,21,0.2800,0.2800,'2017-01-08 00:27:05',88,NULL,1),(89,15,0.6400,0.6400,'2017-01-08 00:27:05',89,NULL,1),(90,27,0.3700,0.3700,'2017-01-08 00:27:05',90,NULL,1),(91,2,0.0700,0.0700,'2017-01-08 00:27:05',91,NULL,1),(92,35,0.1600,0.1600,'2017-01-08 00:27:05',92,NULL,1),(93,15,0.3200,0.3200,'2017-01-08 00:27:05',93,NULL,1),(94,17,0.2700,0.2700,'2017-01-08 00:27:05',94,NULL,1),(95,20,0.1800,0.1800,'2017-01-08 00:27:05',95,NULL,1),(96,20,0.5000,0.5000,'2017-01-08 00:27:05',96,NULL,1),(97,4,0.2900,0.2900,'2017-01-08 00:27:05',97,NULL,1),(98,18,0.4600,0.4600,'2017-01-08 00:27:05',98,NULL,1),(99,25,0.1200,0.1200,'2017-01-08 00:27:05',99,NULL,1),(100,59,0.1400,0.1400,'2017-01-08 00:27:05',100,NULL,1),(101,66,0.0900,0.0900,'2017-01-08 00:27:05',101,NULL,1),(102,15,0.5200,0.5200,'2017-01-08 00:27:05',102,NULL,1),(103,8,0.4300,0.4300,'2017-01-08 00:27:05',103,NULL,1),(104,6,0.5000,0.5000,'2017-01-08 00:27:05',104,NULL,1),(105,12,0.3800,0.3800,'2017-01-08 00:27:05',105,NULL,1),(106,9,0.5600,0.5600,'2017-01-08 00:27:05',106,NULL,1),(107,14,0.6000,0.6000,'2017-01-08 00:27:05',107,NULL,1),(108,12,0.3600,0.3600,'2017-01-08 00:27:05',108,NULL,1),(109,24,0.5400,0.5400,'2017-01-08 00:27:05',109,NULL,1),(110,11,0.5600,0.5600,'2017-01-08 00:27:06',110,NULL,1),(111,15,0.4700,0.4700,'2017-01-08 00:27:06',111,NULL,1),(112,4,0.7200,0.7200,'2017-01-08 00:27:06',112,NULL,1),(113,11,0.6400,0.6400,'2017-01-08 00:27:06',113,NULL,1),(114,32,0.2100,0.2100,'2017-01-08 00:27:06',114,NULL,1),(115,16,1.4600,1.4600,'2017-01-08 00:27:06',115,NULL,1),(116,15,0.2700,0.2700,'2017-01-08 00:27:06',116,NULL,1),(117,9,0.3800,0.3800,'2017-01-08 00:27:06',117,NULL,1),(118,28,0.3700,0.3700,'2017-01-08 00:27:06',118,NULL,1),(119,16,0.4900,0.4900,'2017-01-08 00:27:06',119,NULL,1),(120,15,0.4300,0.4300,'2017-01-08 00:27:06',120,NULL,1),(121,15,0.5800,0.5800,'2017-01-08 00:27:06',121,NULL,1),(122,17,0.1700,0.1700,'2017-01-08 00:27:06',122,NULL,1),(123,33,0.1400,0.1400,'2017-01-08 00:27:06',123,NULL,1),(124,50,0.0600,0.0600,'2017-01-08 00:27:06',124,NULL,1),(125,48,0.0900,0.0900,'2017-01-08 00:27:06',125,NULL,1),(126,23,0.0800,0.0800,'2017-01-08 00:27:06',126,NULL,1),(127,46,0.1600,0.1600,'2017-01-08 00:27:06',127,NULL,1),(128,20,0.1900,0.1900,'2017-01-08 00:27:06',128,NULL,1),(129,2,0.1900,0.1900,'2017-01-08 00:27:06',129,NULL,1),(130,18,0.1700,0.1700,'2017-01-08 00:27:06',130,NULL,1),(131,12,0.1400,0.1400,'2017-01-08 00:27:06',131,NULL,1),(132,57,0.1700,0.1700,'2017-01-08 00:27:06',132,NULL,1),(133,26,0.1800,0.1800,'2017-01-08 00:27:06',133,NULL,1),(134,16,0.0900,0.0900,'2017-01-08 00:27:06',134,NULL,1),(135,23,0.1100,0.1100,'2017-01-08 00:27:06',135,NULL,1),(136,9,0.2200,0.2200,'2017-01-08 00:27:06',136,NULL,1),(137,110,0.0600,0.0600,'2017-01-08 00:27:06',137,NULL,1),(138,62,0.1000,0.1000,'2017-01-08 00:27:06',138,NULL,1),(139,15,0.1100,0.1100,'2017-01-08 00:27:06',139,NULL,1),(140,25,0.0800,0.0800,'2017-01-08 00:27:06',140,NULL,1),(141,34,0.0800,0.0800,'2017-01-08 00:27:06',141,NULL,1),(142,67,0.0500,0.0500,'2017-01-08 00:27:06',142,NULL,1),(143,82,0.0600,0.0600,'2017-01-08 00:27:06',143,NULL,1),(144,19,0.6000,0.6000,'2017-01-08 00:27:06',144,NULL,1),(145,30,0.0800,0.0800,'2017-01-08 00:27:06',145,NULL,1),(146,20,0.1500,0.1500,'2017-01-08 00:27:06',146,NULL,1),(147,10,0.2800,0.2800,'2017-01-08 00:27:06',147,NULL,1),(148,147,0.2000,0.2000,'2017-01-08 00:27:06',148,NULL,1),(149,109,0.1500,0.1500,'2017-01-08 00:27:06',149,NULL,1),(150,20,1.3500,1.3500,'2017-01-08 00:27:06',150,NULL,1),(151,22,0.2900,0.2900,'2017-01-08 00:27:06',151,NULL,1),(152,44,0.1700,0.1700,'2017-01-08 00:27:06',152,NULL,1),(153,35,0.9900,0.9900,'2017-01-08 00:27:06',153,NULL,1),(154,88,0.3200,0.3200,'2017-01-08 00:27:06',154,NULL,1),(155,43,0.3700,0.3700,'2017-01-08 00:27:06',155,NULL,1),(156,8,0.4000,0.4000,'2017-01-08 00:27:06',156,NULL,1),(157,32,0.4900,0.4900,'2017-01-08 00:27:06',157,NULL,1),(158,132,0.4600,0.4600,'2017-01-08 00:27:06',158,NULL,1),(159,90,0.5500,0.5500,'2017-01-08 00:27:06',159,NULL,1),(160,26,0.8500,0.8500,'2017-01-08 00:27:06',160,NULL,1),(161,223,0.0400,0.0400,'2017-01-08 00:27:06',161,NULL,1),(162,322,0.0400,0.0400,'2017-01-08 00:27:06',162,NULL,1),(163,360,0.0300,0.0300,'2017-01-08 00:27:06',163,NULL,1),(164,315,0.0300,0.0300,'2017-01-08 00:27:06',164,NULL,1),(165,221,0.0600,0.0600,'2017-01-08 00:27:06',165,NULL,1),(166,214,0.0500,0.0500,'2017-01-08 00:27:06',166,NULL,1),(167,189,0.0900,0.0900,'2017-01-08 00:27:06',167,NULL,1),(168,94,0.0700,0.0700,'2017-01-08 00:27:06',168,NULL,1),(169,69,0.0400,0.0400,'2017-01-08 00:27:06',169,NULL,1),(170,46,0.1200,0.1200,'2017-01-08 00:27:06',170,NULL,1),(171,54,0.0800,0.0800,'2017-01-08 00:27:06',171,NULL,1),(172,153,0.1200,0.1200,'2017-01-08 00:27:06',172,NULL,1),(173,30,0.1300,0.1300,'2017-01-08 00:27:06',173,NULL,1),(174,17,0.6000,0.6000,'2017-01-08 00:27:06',174,NULL,1),(175,34,0.8200,0.8200,'2017-01-08 00:27:06',175,NULL,1),(176,23,0.7500,0.7500,'2017-01-08 00:27:06',176,NULL,1),(177,22,0.7100,0.7100,'2017-01-08 00:27:06',177,NULL,1),(178,5,1.4100,1.4100,'2017-01-08 00:27:06',178,NULL,1),(179,23,0.0700,0.0700,'2017-01-08 00:27:06',179,NULL,1),(180,176,0.0700,0.0700,'2017-01-08 00:27:06',180,NULL,1),(181,330,0.0700,0.0700,'2017-01-08 00:27:06',181,NULL,1),(182,0,0.8300,0.8300,'2017-01-08 00:27:06',182,NULL,1),(183,118,0.1000,0.1000,'2017-01-08 00:27:06',183,NULL,1),(184,162,0.1000,0.1000,'2017-01-08 00:27:06',184,NULL,1),(185,55,0.1700,0.1700,'2017-01-08 00:27:06',185,NULL,1),(186,121,0.1600,0.1600,'2017-01-08 00:27:06',186,NULL,1),(187,170,0.0800,0.0800,'2017-01-08 00:27:06',187,NULL,1),(188,76,0.2000,0.2000,'2017-01-08 00:27:06',188,NULL,1),(189,35,0.1900,0.1900,'2017-01-08 00:27:06',189,NULL,1),(190,19,0.2200,0.2200,'2017-01-08 00:27:06',190,NULL,1),(191,50,0.3700,0.3700,'2017-01-08 00:27:06',191,NULL,1),(192,17,0.7700,0.7700,'2017-01-08 00:27:06',192,NULL,1),(193,100,0.0500,0.0500,'2017-01-08 00:27:06',193,NULL,1),(194,209,0.0500,0.0500,'2017-01-08 00:27:07',194,NULL,1),(195,129,0.0500,0.0500,'2017-01-08 00:27:07',195,NULL,1),(196,62,0.0900,0.0900,'2017-01-08 00:27:07',196,NULL,1),(197,185,0.0700,0.0700,'2017-01-08 00:27:07',197,NULL,1),(198,88,0.1500,0.1500,'2017-01-08 00:27:07',198,NULL,1),(199,101,0.1300,0.1300,'2017-01-08 00:27:07',199,NULL,1),(200,37,0.0500,0.0500,'2017-01-08 00:27:07',200,NULL,1),(201,58,0.1700,0.1700,'2017-01-08 00:27:07',201,NULL,1),(202,93,0.1500,0.1500,'2017-01-08 00:27:07',202,NULL,1),(203,50,0.1500,0.1500,'2017-01-08 00:27:07',203,NULL,1),(204,49,0.2200,0.2200,'2017-01-08 00:27:07',204,NULL,1),(205,26,0.4400,0.4400,'2017-01-08 00:27:07',205,NULL,1),(206,17,0.4500,0.4500,'2017-01-08 00:27:07',206,NULL,1),(207,27,0.4500,0.4500,'2017-01-08 00:27:07',207,NULL,1),(208,43,0.6900,0.6900,'2017-01-08 00:27:07',208,NULL,1),(209,62,0.7700,0.7700,'2017-01-08 00:27:07',209,NULL,1),(210,16,0.8800,0.8800,'2017-01-08 00:27:07',210,NULL,1),(211,32,1.7700,1.7700,'2017-01-08 00:27:07',211,NULL,1),(212,44,0.1700,0.1700,'2017-01-08 00:27:07',212,NULL,1),(213,61,0.1600,0.1600,'2017-01-08 00:27:07',213,NULL,1),(214,77,0.1400,0.1400,'2017-01-08 00:27:07',214,NULL,1),(215,23,0.2500,0.2500,'2017-01-08 00:27:07',215,NULL,1),(216,38,0.1600,0.1600,'2017-01-08 00:27:07',216,NULL,1),(217,28,0.2400,0.2400,'2017-01-08 00:27:07',217,NULL,1),(218,30,0.3100,0.3100,'2017-01-08 00:27:07',218,NULL,1),(219,25,0.3800,0.3800,'2017-01-08 00:27:07',219,NULL,1),(220,40,0.3900,0.3900,'2017-01-08 00:27:07',220,NULL,1),(221,17,0.3300,0.3300,'2017-01-08 00:27:07',221,NULL,1),(222,11,3.4600,3.4600,'2017-01-08 00:27:07',222,NULL,1),(223,34,2.2400,2.2400,'2017-01-08 00:27:07',223,NULL,1),(224,20,2.2400,2.2400,'2017-01-08 00:27:07',224,NULL,1),(225,1,2.2300,2.2300,'2017-01-08 00:27:07',225,NULL,1),(226,53,2.2300,2.2300,'2017-01-08 00:27:07',226,NULL,1),(227,48,2.2300,2.2300,'2017-01-08 00:27:07',227,NULL,1),(228,31,2.2400,2.2400,'2017-01-08 00:27:07',228,NULL,1),(229,48,2.3700,2.3700,'2017-01-08 00:27:07',229,NULL,1),(230,14,2.2300,2.2300,'2017-01-08 00:27:07',230,NULL,1),(231,31,2.3000,2.3000,'2017-01-08 00:27:07',231,NULL,1),(232,20,2.2300,2.2300,'2017-01-08 00:27:07',232,NULL,1),(233,69,2.2300,2.2300,'2017-01-08 00:27:07',233,NULL,1),(234,25,2.2300,2.2300,'2017-01-08 00:27:07',234,NULL,1),(235,47,5.2000,5.2000,'2017-01-08 00:27:07',235,NULL,1),(236,24,6.0600,6.0600,'2017-01-08 00:27:07',236,NULL,1),(237,2,2.7000,2.7000,'2017-01-08 00:27:07',237,NULL,1),(238,9,3.5300,3.5300,'2017-01-08 00:27:07',238,NULL,1),(239,0,4.5000,4.5000,'2017-01-08 00:27:07',239,NULL,1),(240,26,3.5300,3.5300,'2017-01-08 00:27:07',240,NULL,1),(241,4,3.5300,3.5300,'2017-01-08 00:27:07',241,NULL,1),(242,9,3.0400,3.0400,'2017-01-08 00:27:07',242,NULL,1),(243,6,3.1000,3.1000,'2017-01-08 00:27:07',243,NULL,1),(244,6,3.0100,3.0100,'2017-01-08 00:27:07',244,NULL,1),(245,5,3.1000,3.1000,'2017-01-08 00:27:07',245,NULL,1),(246,30,7.2600,7.2600,'2017-01-08 00:27:07',246,NULL,1),(247,56,7.7200,7.7200,'2017-01-08 00:27:07',247,NULL,1),(248,20,7.0800,7.0800,'2017-01-08 00:27:07',248,NULL,1),(249,48,7.0600,7.0600,'2017-01-08 00:27:07',249,NULL,1),(250,32,7.6100,7.6100,'2017-01-08 00:27:07',250,NULL,1),(251,23,6.8800,6.8800,'2017-01-08 00:27:07',251,NULL,1),(252,112,7.5800,7.5800,'2017-01-08 00:27:07',252,NULL,1),(253,56,7.1500,7.1500,'2017-01-08 00:27:07',253,NULL,1),(254,46,7.4000,7.4000,'2017-01-08 00:27:07',254,NULL,1),(255,41,7.4800,7.4800,'2017-01-08 00:27:07',255,NULL,1),(256,38,7.5700,7.5700,'2017-01-08 00:27:07',256,NULL,1),(257,36,7.3300,7.3300,'2017-01-08 00:27:07',257,NULL,1),(258,6,8.0200,8.0200,'2017-01-08 00:27:07',258,NULL,1),(259,3,12.3800,12.3800,'2017-01-08 00:27:07',259,NULL,1),(260,6,12.3800,12.3800,'2017-01-08 00:27:07',260,NULL,1),(261,8,12.3800,12.3800,'2017-01-08 00:27:07',261,NULL,1),(262,8,12.3800,12.3800,'2017-01-08 00:27:07',262,NULL,1),(263,6,17.8500,17.8500,'2017-01-08 00:27:07',263,NULL,1),(264,0,2.3900,2.3900,'2017-01-08 00:27:07',264,NULL,1),(265,3,3.1400,3.1400,'2017-01-08 00:27:07',265,NULL,1),(266,13,2.1000,2.1000,'2017-01-08 00:27:07',266,NULL,1),(267,3,6.6700,6.6700,'2017-01-08 00:27:07',267,NULL,1),(268,3,1.3900,1.3900,'2017-01-08 00:27:07',268,NULL,1),(269,3,3.0100,3.0100,'2017-01-08 00:27:07',269,NULL,1),(270,3,4.9200,4.9200,'2017-01-08 00:27:07',270,NULL,1),(271,3,2.0500,2.0500,'2017-01-08 00:27:07',271,NULL,1),(272,11,1.1600,1.1600,'2017-01-08 00:27:07',272,NULL,1),(273,11,1.1900,1.1900,'2017-01-08 00:27:07',273,NULL,1),(274,0,0.0000,0.0000,'2017-01-08 00:27:07',274,NULL,1),(275,100,0.8600,0.8600,'2017-01-08 00:29:18',1,NULL,1),(276,50,100.0000,100.0000,'2017-01-08 02:20:39',275,NULL,1),(277,10,0.2500,2.1377,'2017-01-08 03:41:47',3,NULL,2),(278,50,50.0000,50.0000,'2017-01-08 03:56:55',277,NULL,1),(279,50,30.0000,40.0000,'2017-01-08 03:57:19',277,NULL,1),(280,1,6.3000,6.3000,'2017-01-08 07:00:12',6,NULL,2),(281,10,0.8600,0.8600,'2017-01-08 22:20:38',1,NULL,2),(282,50,0.8600,0.8600,'2017-01-08 22:21:30',1,NULL,2);
/*!40000 ALTER TABLE `DetalleIngresos` ENABLE KEYS */;
UNLOCK TABLES;

--
-- Table structure for table `Direcciones`
--

DROP TABLE IF EXISTS `Direcciones`;
/*!40101 SET @saved_cs_client     = @@character_set_client */;
/*!40101 SET character_set_client = utf8 */;
CREATE TABLE `Direcciones` (
  `DireccionID` int(10) unsigned NOT NULL AUTO_INCREMENT,
  `Direccion` varchar(255) NOT NULL,
  `EmpresaID` int(10) unsigned DEFAULT NULL,
  `EmpleadoID` int(10) unsigned DEFAULT NULL,
  `ClientesPersonasID` int(10) unsigned DEFAULT NULL,
  `AlmacenID` int(10) unsigned DEFAULT NULL,
  PRIMARY KEY (`DireccionID`),
  UNIQUE KEY `ClientesPersonasID_UNIQUE` (`ClientesPersonasID`),
  UNIQUE KEY `EmpleadoID_UNIQUE` (`EmpleadoID`),
  UNIQUE KEY `EmpresaID_UNIQUE` (`EmpresaID`),
  UNIQUE KEY `AlmacenID_UNIQUE` (`AlmacenID`),
  KEY `fk_Direcciones_Empresas1_idx` (`EmpresaID`),
  KEY `fk_Direcciones_Empleados1_idx` (`EmpleadoID`),
  KEY `fk_Direcciones_ClientesPersonas1_idx` (`ClientesPersonasID`),
  KEY `fk_Direcciones_Almacenes1_idx` (`AlmacenID`),
  CONSTRAINT `fk_Direcciones_Almacenes1` FOREIGN KEY (`AlmacenID`) REFERENCES `Almacenes` (`AlmacenID`) ON DELETE CASCADE ON UPDATE CASCADE,
  CONSTRAINT `fk_Direcciones_ClientesPersonas1` FOREIGN KEY (`ClientesPersonasID`) REFERENCES `ClientesPersonas` (`ClientesPersonasID`) ON DELETE CASCADE ON UPDATE CASCADE,
  CONSTRAINT `fk_Direcciones_Empleados1` FOREIGN KEY (`EmpleadoID`) REFERENCES `Empleados` (`EmpleadoID`) ON DELETE CASCADE ON UPDATE CASCADE,
  CONSTRAINT `fk_Direcciones_Empresas1` FOREIGN KEY (`EmpresaID`) REFERENCES `Empresas` (`EmpresaID`) ON DELETE CASCADE ON UPDATE CASCADE
) ENGINE=InnoDB AUTO_INCREMENT=3 DEFAULT CHARSET=utf8mb4;
/*!40101 SET character_set_client = @saved_cs_client */;

--
-- Dumping data for table `Direcciones`
--

LOCK TABLES `Direcciones` WRITE;
/*!40000 ALTER TABLE `Direcciones` DISABLE KEYS */;
INSERT INTO `Direcciones` VALUES (1,'Av. El Progreso Barrio San Juan, Carretera Litoral, Desvío Principal de Santiago Nonualco.',NULL,NULL,NULL,1),(2,'San Salvador',NULL,NULL,NULL,2);
/*!40000 ALTER TABLE `Direcciones` ENABLE KEYS */;
UNLOCK TABLES;

--
-- Table structure for table `Emails`
--

DROP TABLE IF EXISTS `Emails`;
/*!40101 SET @saved_cs_client     = @@character_set_client */;
/*!40101 SET character_set_client = utf8 */;
CREATE TABLE `Emails` (
  `EmailID` int(10) unsigned NOT NULL AUTO_INCREMENT,
  `Email` varchar(45) NOT NULL,
  `EmpresaID` int(10) unsigned DEFAULT NULL,
  `EmpleadoID` int(10) unsigned DEFAULT NULL,
  PRIMARY KEY (`EmailID`),
  KEY `fk_Emails_Empresas1_idx` (`EmpresaID`),
  KEY `fk_Emails_Empleados1_idx` (`EmpleadoID`),
  CONSTRAINT `fk_Emails_Empleados1` FOREIGN KEY (`EmpleadoID`) REFERENCES `Empleados` (`EmpleadoID`) ON DELETE CASCADE ON UPDATE CASCADE,
  CONSTRAINT `fk_Emails_Empresas1` FOREIGN KEY (`EmpresaID`) REFERENCES `Empresas` (`EmpresaID`) ON DELETE CASCADE ON UPDATE CASCADE
) ENGINE=InnoDB DEFAULT CHARSET=utf8mb4;
/*!40101 SET character_set_client = @saved_cs_client */;

--
-- Dumping data for table `Emails`
--

LOCK TABLES `Emails` WRITE;
/*!40000 ALTER TABLE `Emails` DISABLE KEYS */;
/*!40000 ALTER TABLE `Emails` ENABLE KEYS */;
UNLOCK TABLES;

--
-- Table structure for table `Empleados`
--

DROP TABLE IF EXISTS `Empleados`;
/*!40101 SET @saved_cs_client     = @@character_set_client */;
/*!40101 SET character_set_client = utf8 */;
CREATE TABLE `Empleados` (
  `EmpleadoID` int(10) unsigned NOT NULL AUTO_INCREMENT,
  `Nombres` varchar(255) NOT NULL,
  `Apellidos` varchar(255) NOT NULL,
  `DUI` varchar(15) DEFAULT NULL,
  `NIT` varchar(20) DEFAULT NULL,
  `FechaCreacion` timestamp NOT NULL DEFAULT CURRENT_TIMESTAMP,
  `FechaModificacion` timestamp NOT NULL DEFAULT CURRENT_TIMESTAMP ON UPDATE CURRENT_TIMESTAMP,
  `NUP` varchar(25) DEFAULT NULL,
  `ISSS` varchar(15) DEFAULT NULL,
  `FechaNacimiento` date DEFAULT NULL,
  `Codigo` varchar(5) NOT NULL,
  `Activo` tinyint(1) NOT NULL DEFAULT '1',
  PRIMARY KEY (`EmpleadoID`),
  UNIQUE KEY `Codigo_UNIQUE` (`Codigo`),
  UNIQUE KEY `NUP_UNIQUE` (`NUP`),
  UNIQUE KEY `ISSS_UNIQUE` (`ISSS`),
  UNIQUE KEY `DUI_UNIQUE` (`DUI`),
  UNIQUE KEY `NIT_UNIQUE` (`NIT`)
) ENGINE=InnoDB DEFAULT CHARSET=utf8mb4;
/*!40101 SET character_set_client = @saved_cs_client */;

--
-- Dumping data for table `Empleados`
--

LOCK TABLES `Empleados` WRITE;
/*!40000 ALTER TABLE `Empleados` DISABLE KEYS */;
/*!40000 ALTER TABLE `Empleados` ENABLE KEYS */;
UNLOCK TABLES;

--
-- Table structure for table `Empresas`
--

DROP TABLE IF EXISTS `Empresas`;
/*!40101 SET @saved_cs_client     = @@character_set_client */;
/*!40101 SET character_set_client = utf8 */;
CREATE TABLE `Empresas` (
  `EmpresaID` int(10) unsigned NOT NULL AUTO_INCREMENT,
  `NombreComercial` varchar(100) NOT NULL,
  `RazonSocial` varchar(50) DEFAULT NULL,
  `Giro` varchar(255) DEFAULT NULL,
  `Registro` varchar(30) DEFAULT NULL,
  `NIT` varchar(20) DEFAULT NULL,
  PRIMARY KEY (`EmpresaID`),
  UNIQUE KEY `NombreComercial_UNIQUE` (`NombreComercial`),
  UNIQUE KEY `NIT_UNIQUE` (`NIT`),
  UNIQUE KEY `Registro_UNIQUE` (`Registro`)
) ENGINE=InnoDB DEFAULT CHARSET=utf8mb4 COMMENT='Empresas ya sean clientes o proveedores.';
/*!40101 SET character_set_client = @saved_cs_client */;

--
-- Dumping data for table `Empresas`
--

LOCK TABLES `Empresas` WRITE;
/*!40000 ALTER TABLE `Empresas` DISABLE KEYS */;
/*!40000 ALTER TABLE `Empresas` ENABLE KEYS */;
UNLOCK TABLES;

--
-- Table structure for table `Facturas`
--

DROP TABLE IF EXISTS `Facturas`;
/*!40101 SET @saved_cs_client     = @@character_set_client */;
/*!40101 SET character_set_client = utf8 */;
CREATE TABLE `Facturas` (
  `FacturaID` int(10) unsigned NOT NULL AUTO_INCREMENT,
  `FechaFacturacion` timestamp NOT NULL DEFAULT CURRENT_TIMESTAMP,
  `Correlativo` int(11) NOT NULL,
  `TipoFacturaID` int(10) unsigned NOT NULL,
  `EmpleadoID` int(10) unsigned DEFAULT NULL,
  `TirajeFacturaID` int(10) unsigned NOT NULL,
  `EmpresaID` int(10) unsigned DEFAULT NULL COMMENT 'La empresa cliente',
  `ClientesPersonasID` int(10) unsigned DEFAULT NULL COMMENT 'La persona cliente',
  PRIMARY KEY (`FacturaID`),
  KEY `fk_Facturas_TiposFactura1_idx` (`TipoFacturaID`),
  KEY `fk_Facturas_Empleados1_idx` (`EmpleadoID`),
  KEY `fk_Facturas_TirajeFacturas1_idx` (`TirajeFacturaID`),
  KEY `fk_Facturas_Empresas1_idx` (`EmpresaID`),
  KEY `fk_Facturas_ClientesPersonas1_idx` (`ClientesPersonasID`),
  CONSTRAINT `fk_Facturas_ClientesPersonas1` FOREIGN KEY (`ClientesPersonasID`) REFERENCES `ClientesPersonas` (`ClientesPersonasID`) ON DELETE SET NULL ON UPDATE CASCADE,
  CONSTRAINT `fk_Facturas_Empleados1` FOREIGN KEY (`EmpleadoID`) REFERENCES `Empleados` (`EmpleadoID`) ON DELETE SET NULL ON UPDATE CASCADE,
  CONSTRAINT `fk_Facturas_Empresas1` FOREIGN KEY (`EmpresaID`) REFERENCES `Empresas` (`EmpresaID`) ON DELETE SET NULL ON UPDATE CASCADE,
  CONSTRAINT `fk_Facturas_TiposFactura1` FOREIGN KEY (`TipoFacturaID`) REFERENCES `TiposFactura` (`TipoFacturaID`) ON DELETE NO ACTION ON UPDATE CASCADE,
  CONSTRAINT `fk_Facturas_TirajeFacturas1` FOREIGN KEY (`TirajeFacturaID`) REFERENCES `TirajeFacturas` (`TirajeFacturaID`) ON DELETE NO ACTION ON UPDATE CASCADE
) ENGINE=InnoDB DEFAULT CHARSET=utf8mb4;
/*!40101 SET character_set_client = @saved_cs_client */;

--
-- Dumping data for table `Facturas`
--

LOCK TABLES `Facturas` WRITE;
/*!40000 ALTER TABLE `Facturas` DISABLE KEYS */;
/*!40000 ALTER TABLE `Facturas` ENABLE KEYS */;
UNLOCK TABLES;

--
-- Table structure for table `Marcas`
--

DROP TABLE IF EXISTS `Marcas`;
/*!40101 SET @saved_cs_client     = @@character_set_client */;
/*!40101 SET character_set_client = utf8 */;
CREATE TABLE `Marcas` (
  `MarcaID` int(10) unsigned NOT NULL AUTO_INCREMENT,
  `Nombre` varchar(100) NOT NULL,
  `Activo` tinyint(1) NOT NULL DEFAULT '1',
  PRIMARY KEY (`MarcaID`),
  UNIQUE KEY `Nombre_UNIQUE` (`Nombre`)
) ENGINE=InnoDB AUTO_INCREMENT=43 DEFAULT CHARSET=utf8mb4;
/*!40101 SET character_set_client = @saved_cs_client */;

--
-- Dumping data for table `Marcas`
--

LOCK TABLES `Marcas` WRITE;
/*!40000 ALTER TABLE `Marcas` DISABLE KEYS */;
INSERT INTO `Marcas` VALUES (1,'TRUPER',1),(2,'S/MARCA',1),(3,'IMACASA',1),(4,'TOOLCRAFT',1),(5,'EASY FLOW',1),(6,'TYPSA',1),(7,'AQUA FLEX',1),(8,'VARIEDAD',1),(9,'HS',1),(10,'AMANCO',1),(11,'VIKINGO',1),(12,'GREE GARDEN TAL TOOLS',1),(13,'IMACASA 19692P7',1),(14,'SCJONSON',1),(15,'PRETUL',1),(16,'SURTEK',1),(17,'TRAMOTINA',1),(18,'S/M SENCILLO',1),(19,'PLY GARDEN',1),(20,'PLASTICO',1),(21,'VOLTECH',1),(22,'HEMBRA',1),(23,'GANGL',1),(24,'ATLAS',1),(25,'DIESEL TOOL',1),(26,'VIVA',1),(27,'TRAMONTINA',1),(28,'TAL TOOLS',1),(29,'BRINK GARDEN',1),(30,'HOSE SHUT OFF',1),(31,'HOSE CHUT OFF',1),(32,'BEST GARDEN',1),(33,'SUR FASTYL',1),(34,'CORONA',1),(35,'KORAL SUR',1),(36,'POLYURETHENE P/ACABADO',1),(37,'MEGACOLOR',1),(38,'LANCO',1),(39,'SUR KLASS',1),(40,'SPRINKLER',1),(41,'VERMONT',1),(42,'TOOL CRAFT',1);
/*!40000 ALTER TABLE `Marcas` ENABLE KEYS */;
UNLOCK TABLES;

--
-- Table structure for table `Medidas`
--

DROP TABLE IF EXISTS `Medidas`;
/*!40101 SET @saved_cs_client     = @@character_set_client */;
/*!40101 SET character_set_client = utf8 */;
CREATE TABLE `Medidas` (
  `MedidaID` int(10) unsigned NOT NULL AUTO_INCREMENT,
  `UnidadMedida` varchar(100) NOT NULL,
  `Activo` tinyint(1) NOT NULL DEFAULT '1',
  PRIMARY KEY (`MedidaID`),
  UNIQUE KEY `UnidadMedida_UNIQUE` (`UnidadMedida`)
) ENGINE=InnoDB AUTO_INCREMENT=5 DEFAULT CHARSET=utf8mb4;
/*!40101 SET character_set_client = @saved_cs_client */;

--
-- Dumping data for table `Medidas`
--

LOCK TABLES `Medidas` WRITE;
/*!40000 ALTER TABLE `Medidas` DISABLE KEYS */;
INSERT INTO `Medidas` VALUES (1,'UNIDAD',1),(2,'PAR',1),(3,'CUARTO 1/4.',1),(4,'GALÓN',1);
/*!40000 ALTER TABLE `Medidas` ENABLE KEYS */;
UNLOCK TABLES;

--
-- Table structure for table `Productos`
--

DROP TABLE IF EXISTS `Productos`;
/*!40101 SET @saved_cs_client     = @@character_set_client */;
/*!40101 SET character_set_client = utf8 */;
CREATE TABLE `Productos` (
  `ProductoID` int(10) unsigned NOT NULL AUTO_INCREMENT,
  `Codigo` varchar(20) NOT NULL,
  `Descripcion` varchar(50) NOT NULL,
  `ExcentoIVA` tinyint(1) NOT NULL DEFAULT '0',
  `StockMin` int(10) unsigned NOT NULL DEFAULT '1',
  `Utilidad` decimal(19,4) unsigned NOT NULL DEFAULT '0.0000',
  `FechaCreacion` timestamp NOT NULL DEFAULT CURRENT_TIMESTAMP,
  `FechaModificacion` timestamp NOT NULL DEFAULT CURRENT_TIMESTAMP ON UPDATE CURRENT_TIMESTAMP,
  `Activo` tinyint(1) NOT NULL DEFAULT '1',
  `CodigoLibroDet` varchar(2) NOT NULL,
  `CodigoBienDet` varchar(2) NOT NULL,
  `MarcaID` int(10) unsigned DEFAULT NULL,
  `MedidaID` int(10) unsigned DEFAULT NULL,
  `CategoriaProductoID` varchar(2) DEFAULT NULL,
  PRIMARY KEY (`ProductoID`),
  UNIQUE KEY `Productos_Codigo_UNIQUE` (`Codigo`),
  KEY `fk_Productos_ReferenciaLibroDet1_idx` (`CodigoLibroDet`),
  KEY `fk_Productos_CategoriasBienDet1_idx` (`CodigoBienDet`),
  KEY `fk_Productos_Marcas1_idx` (`MarcaID`),
  KEY `fk_Productos_Medidas1_idx` (`MedidaID`),
  KEY `fk_Productos_CategoriaProductos1_idx` (`CategoriaProductoID`),
  FULLTEXT KEY `Productos_Descripcion_FULLTEXT` (`Descripcion`),
  CONSTRAINT `fk_Productos_CategoriaProductos1` FOREIGN KEY (`CategoriaProductoID`) REFERENCES `CategoriaProductos` (`CategoriaProductoID`) ON DELETE SET NULL ON UPDATE CASCADE,
  CONSTRAINT `fk_Productos_CategoriasBienDet1` FOREIGN KEY (`CodigoBienDet`) REFERENCES `CategoriasBienDet` (`CodigoBienDet`) ON DELETE NO ACTION ON UPDATE CASCADE,
  CONSTRAINT `fk_Productos_Marcas1` FOREIGN KEY (`MarcaID`) REFERENCES `Marcas` (`MarcaID`) ON DELETE SET NULL ON UPDATE CASCADE,
  CONSTRAINT `fk_Productos_Medidas1` FOREIGN KEY (`MedidaID`) REFERENCES `Medidas` (`MedidaID`) ON DELETE SET NULL ON UPDATE CASCADE,
  CONSTRAINT `fk_Productos_ReferenciaLibroDet1` FOREIGN KEY (`CodigoLibroDet`) REFERENCES `ReferenciaLibroDet` (`CodigoLibroDet`) ON DELETE NO ACTION ON UPDATE CASCADE
) ENGINE=InnoDB AUTO_INCREMENT=279 DEFAULT CHARSET=utf8mb4;
/*!40101 SET character_set_client = @saved_cs_client */;

--
-- Dumping data for table `Productos`
--

LOCK TABLES `Productos` WRITE;
/*!40000 ALTER TABLE `Productos` DISABLE KEYS */;
INSERT INTO `Productos` VALUES (1,'MSTRPR62122365','ATOMIZADOR PEQUEÑO',0,1,1.1320,'2017-01-08 00:27:04','2017-01-08 00:27:04',1,'03','01',1,1,'00'),(2,'MSTRPR200736849','BOLSA PLASTICA JARDINERA',0,1,0.0000,'2017-01-08 00:27:04','2017-01-08 00:27:04',1,'03','01',2,1,'00'),(3,'MSTRPR82784720','BOTAS INDUSTRIALES TALLA 8',0,1,2.7650,'2017-01-08 00:27:04','2017-01-08 00:27:04',1,'03','01',1,2,'00'),(4,'17923BOT-27J','BOTAS JARDINERAS TALLA 9',0,1,0.0000,'2017-01-08 00:27:04','2017-01-08 00:27:04',1,'03','01',1,2,'00'),(5,'BOT-26J','BOTAS INDUSTRIALES TALLA 8',0,1,0.0000,'2017-01-08 00:27:04','2017-01-08 00:27:04',1,'03','01',1,2,'00'),(6,'BOT-28J','BOTAS JARDINERAS TALLA 10',0,1,0.0000,'2017-01-08 00:27:04','2017-01-08 00:27:04',1,'03','01',1,2,'00'),(7,'BOT-29J','BOTAS JARDINERAS TALLA 11',0,1,0.0000,'2017-01-08 00:27:04','2017-01-08 00:27:04',1,'03','01',1,2,'00'),(8,'MSTRPR82706656','BOTAS P/JARDINERO TALLA 8',0,1,2.6430,'2017-01-08 00:27:04','2017-01-08 00:27:04',1,'03','01',1,2,'00'),(9,'BOT-28S','BOTAS SANITARIAS TALLA 10',0,1,0.0000,'2017-01-08 00:27:04','2017-01-08 00:27:04',1,'03','01',1,2,'00'),(10,'CAB-ATON','CABEZA ATOMIZADOR',0,1,1.3450,'2017-01-08 00:27:04','2017-01-08 00:27:04',1,'03','01',3,1,'00'),(11,'MSTRPR56878432','CESTA P/CORTAR FRUTAS',0,1,1.9320,'2017-01-08 00:27:04','2017-01-08 00:27:04',1,'03','01',3,1,'00'),(12,'TC3210','DESBROZADORA ELECTRICA',0,1,0.0000,'2017-01-08 00:27:04','2017-01-08 00:27:04',1,'03','01',4,1,'00'),(13,'MSTRPR63559309','EMPAQUE PARA MANGUERA',0,1,0.0930,'2017-01-08 00:27:04','2017-01-08 00:27:04',1,'03','01',1,1,'00'),(14,'TC2024','MANGUERA P/AIRE ALTA PRESION 3/8X10MTS',0,1,0.0000,'2017-01-08 00:27:04','2017-01-08 00:27:04',1,'03','01',4,1,'00'),(15,'2005441','MANGUERA PLASTICA de 167MTS-50\'',0,1,4.1920,'2017-01-08 00:27:04','2017-01-08 00:27:04',1,'03','01',5,1,'00'),(16,'MSTRPR23305203','MANGUERA PLASTICA DE 75\'',0,1,2.7900,'2017-01-08 00:27:04','2017-01-08 00:27:04',1,'03','01',6,1,'00'),(17,'MSTRPR163384350','MANGUERA PLASTICA 100 PIE',0,1,0.0000,'2017-01-08 00:27:04','2017-01-08 00:27:04',1,'03','01',5,1,'00'),(18,'MSTRPR187933255','MANGUERA PLASTICA DE 50 PIE',0,1,0.0000,'2017-01-08 00:27:04','2017-01-08 00:27:04',1,'03','01',5,1,'00'),(19,'MSTRPR357585179','MANGUERA PLASTICA DE 25 PIE',0,1,2.2400,'2017-01-08 00:27:04','2017-01-08 00:27:04',1,'03','01',6,1,'00'),(20,'MSTRPR357252672','MANGUERA PLASTICA DE 100 PIE',0,1,3.1300,'2017-01-08 00:27:04','2017-01-08 00:27:04',1,'03','01',6,1,'00'),(21,'MSTRPR276784039','MANGUERA PLASTICA DE 50 PIE',0,1,2.8420,'2017-01-08 00:27:04','2017-01-08 00:27:04',1,'03','01',6,1,'00'),(22,'MSTRPR15666774','MANGUERA PLASTICA DE 150 PIE',0,1,3.1020,'2017-01-08 00:27:04','2017-01-08 00:27:04',1,'03','01',6,1,'00'),(23,'MSTRPR15797889','MANGUERA PLASTICA 125 PIE',0,1,2.9300,'2017-01-08 00:27:04','2017-01-08 00:27:04',1,'03','01',6,1,'00'),(24,'DU12','MANGUERA REFORZADA DE 25 PIE',0,1,3.7730,'2017-01-08 00:27:04','2017-01-08 00:27:04',1,'03','01',7,1,'00'),(25,'MSTRPR264445566','MANGUERA REFORZADA DE 22.5 MTS',0,1,0.0000,'2017-01-08 00:27:04','2017-01-08 00:27:04',1,'03','01',5,1,'00'),(26,'MSTRPR264558907','MANGUERA REFORZADAN 7.5 MTS',0,1,0.0000,'2017-01-08 00:27:05','2017-01-08 00:27:05',1,'03','01',5,1,'00'),(27,'DU14','MANGUERA REFORZADA 75 PIE',0,1,3.8650,'2017-01-08 00:27:05','2017-01-08 00:27:05',1,'03','01',7,1,'00'),(28,'MSTRPR284274517','MANGUERA REFORZADA 150 PIE',0,1,3.5200,'2017-01-08 00:27:05','2017-01-08 00:27:05',1,'03','01',7,1,'00'),(29,'2005553','MANGUERA REFORZADA DE 100 PIE',0,1,3.9850,'2017-01-08 00:27:05','2017-01-08 00:27:05',1,'03','01',5,1,'00'),(30,'DU13','MANGUERA REFORZADA DE 50 PIE',0,1,4.0600,'2017-01-08 00:27:05','2017-01-08 00:27:05',1,'03','01',7,1,'00'),(31,'DU15','MANGUERA REFORZADA DE 100 PIE',0,1,3.8600,'2017-01-08 00:27:05','2017-01-08 00:27:05',1,'03','01',7,1,'00'),(32,'MSTRPR151870891','MANGUERA REORZADA DE 125 PIE',0,1,0.0000,'2017-01-08 00:27:05','2017-01-08 00:27:05',1,'03','01',7,1,'00'),(33,'MSTRPR66474732','MANGUERA TRANSPARENTE DE 1/2',0,1,0.1430,'2017-01-08 00:27:05','2017-01-08 00:27:05',1,'03','01',8,1,'00'),(34,'MGLS-0019','MANGUERA TRANSPARENTE DE 1/2',0,1,0.1930,'2017-01-08 00:27:05','2017-01-08 00:27:05',1,'03','01',9,1,'00'),(35,'MGLS-0021','MANGUERA TRANSPARENTE DE 3/4',0,1,0.4450,'2017-01-08 00:27:05','2017-01-08 00:27:05',1,'03','01',9,1,'00'),(36,'1840','MANGUERA TRANSPARENTE DE 3/4',0,1,0.2650,'2017-01-08 00:27:05','2017-01-08 00:27:05',1,'03','01',10,1,'00'),(37,'MGLS-0022','MANGUERA TRANSPARENTE DE 1\"',0,1,0.7100,'2017-01-08 00:27:05','2017-01-08 00:27:05',1,'03','01',9,1,'00'),(38,'MSTRPR116816453','MANGUERA TRANSPARENTE DE 1\"',0,1,0.3700,'2017-01-08 00:27:05','2017-01-08 00:27:05',1,'03','01',10,1,'00'),(39,'MSTRPR62725751','PISTOLA P/MANGUERA',0,1,1.7500,'2017-01-08 00:27:05','2017-01-08 00:27:05',1,'03','01',11,1,'00'),(40,'TC0740','PISTOLA P/RIEGO METALICA',0,1,0.0000,'2017-01-08 00:27:05','2017-01-08 00:27:05',1,'03','01',4,1,'00'),(41,'161301','PISTOLA PARA REGAR',0,1,0.8900,'2017-01-08 00:27:05','2017-01-08 00:27:05',1,'03','01',12,1,'00'),(42,'19690P','PISTOLA PLASTICA P/ MANGUERA',0,1,1.1830,'2017-01-08 00:27:05','2017-01-08 00:27:05',1,'03','01',3,1,'00'),(43,'MSTRPR49670887','PISTOLA PLATICA C/RECUBRIMIENT',0,1,1.9600,'2017-01-08 00:27:05','2017-01-08 00:27:05',1,'03','01',13,1,'00'),(44,'MSTRPR66279385','PITON P/MANGUERA METALICO',0,1,1.4500,'2017-01-08 00:27:05','2017-01-08 00:27:05',1,'03','01',3,1,'00'),(45,'299476','RAID H&G',0,1,0.0000,'2017-01-08 00:27:05','2017-01-08 00:27:05',1,'03','01',14,1,'00'),(46,'MSTRPR14992817','RASTRILLO AMARILLO',0,1,2.0200,'2017-01-08 00:27:05','2017-01-08 00:27:05',1,'03','01',15,1,'00'),(47,'1965512 BLI','RASTRILLO LARGO 12 DIENTES VER',0,1,2.3530,'2017-01-08 00:27:05','2017-01-08 00:27:05',1,'03','01',3,1,'00'),(48,'MSTRPR340339340','RASTRILLO METALICO 22 DIENTES',0,1,0.0000,'2017-01-08 00:27:05','2017-01-08 00:27:05',1,'03','01',16,1,'00'),(49,'1967016','RASTRILLO METALICO DE 22DI 16\"',0,1,1.8430,'2017-01-08 00:27:05','2017-01-08 00:27:05',1,'03','01',3,1,'00'),(50,'MSTRPR62375797','RASTRILLO METALICO RECTO',0,1,1.9100,'2017-01-08 00:27:05','2017-01-08 00:27:05',1,'03','01',1,1,'00'),(51,'31696','RASTRILLO METALICO REFORZ.22 D',0,1,0.0000,'2017-01-08 00:27:05','2017-01-08 00:27:05',1,'03','01',4,1,'00'),(52,'132050','RASTRILLO PLASTICO',0,1,0.0000,'2017-01-08 00:27:05','2017-01-08 00:27:05',1,'03','01',16,1,'00'),(53,'MSTRPR94338297','RASTRILLO PLÁSTICO',0,1,2.2000,'2017-01-08 00:27:05','2017-01-08 00:27:05',1,'03','01',17,1,'00'),(54,'6156','RASTRILLO PLASTICO 22 DI',0,1,2.2330,'2017-01-08 00:27:05','2017-01-08 00:27:05',1,'03','01',1,1,'00'),(55,'MSTRPR277345875','RASTRILLO VERDE',0,1,2.8800,'2017-01-08 00:27:05','2017-01-08 00:27:05',1,'03','01',18,1,'00'),(56,'MSTRPR19799372','RESORTE P/TIJERA DE PODAR',0,1,0.6200,'2017-01-08 00:27:05','2017-01-08 00:27:05',1,'03','01',2,1,'00'),(57,'MSTRPR75931352','TERMINAL P/MANGUERA HEMBR MET',0,1,0.3350,'2017-01-08 00:27:05','2017-01-08 00:27:05',1,'03','01',19,1,'00'),(58,'MSTRPR15193078','TERMINAL P/MANGUERA HEMBRA DE 3/4',0,1,0.4400,'2017-01-08 00:27:05','2017-01-08 00:27:05',1,'03','01',20,1,'00'),(59,'19710H12PI','TERMINAL P/MANGUERA HEMBRA',0,1,0.6200,'2017-01-08 00:27:05','2017-01-08 00:27:05',1,'03','01',3,1,'00'),(60,'CM-3/4B','TERMINAL P/MANGUERA MACHO',0,1,0.9630,'2017-01-08 00:27:05','2017-01-08 00:27:05',1,'03','01',21,1,'00'),(61,'MSTRPR66784674','TERMINAL P/MANGUERA METALICA DE 1/2',0,1,1.0600,'2017-01-08 00:27:05','2017-01-08 00:27:05',1,'03','01',2,1,'00'),(62,'MSTRPR28777221','TERMINAL P/MANGUERA METALICO',0,1,0.4350,'2017-01-08 00:27:05','2017-01-08 00:27:05',1,'03','01',15,1,'00'),(63,'300635','TERMINAL P/MANGUERA METALICO DE 3/4',0,1,0.9330,'2017-01-08 00:27:05','2017-01-08 00:27:05',1,'03','01',2,1,'00'),(64,'MSTRPR66230553','TERMINAL P/MANGUERA PLASTICA DE 1/2',0,1,0.9700,'2017-01-08 00:27:05','2017-01-08 00:27:05',1,'03','01',2,1,'00'),(65,'MSTRPR363111904','TERMINAL P/MANGUERA PLASTICO',0,1,0.6100,'2017-01-08 00:27:05','2017-01-08 00:27:05',1,'03','01',22,1,'00'),(66,'MSTRPR87937522','TERMINAL P/MANGUERA PLASTICO DE 3/4',0,1,0.8420,'2017-01-08 00:27:05','2017-01-08 00:27:05',1,'03','01',2,1,'00'),(67,'CF-3/4B','TERMINAL P/MANGURA HEMBRA',0,1,0.8630,'2017-01-08 00:27:05','2017-01-08 00:27:05',1,'03','01',21,1,'00'),(68,'TC1855','TERMINAL PLASTICO P/MANGUERA',0,1,0.0000,'2017-01-08 00:27:05','2017-01-08 00:27:05',1,'03','01',4,1,'00'),(69,'T-75','TIJERA P/PODAR DE 10\"',0,1,1.7800,'2017-01-08 00:27:05','2017-01-08 00:27:05',1,'03','01',1,1,'00'),(70,'T-74','TIJERA P/PODAR',0,1,2.3230,'2017-01-08 00:27:05','2017-01-08 00:27:05',1,'03','01',1,1,'00'),(71,'MSTRPR64619196','TIJERA P/PODAR DE 8\"',0,1,2.1000,'2017-01-08 00:27:05','2017-01-08 00:27:05',1,'03','01',23,1,'00'),(72,'SHR0193','TIJERA P/PODAR DE 9\"',0,1,1.9450,'2017-01-08 00:27:05','2017-01-08 00:27:05',1,'03','01',24,1,'00'),(73,'MSTRPR60312036','TIJERA P/PODAR DE 8\"',0,1,1.7700,'2017-01-08 00:27:05','2017-01-08 00:27:05',1,'03','01',25,1,'00'),(74,'MSTRPR272681560','TIJERA P/PODAR GRAMA GRANDE',0,1,0.0000,'2017-01-08 00:27:05','2017-01-08 00:27:05',1,'03','01',26,1,'00'),(75,'TM-78330/125','TIJERA P/PODAR GRAMA GRANDE',0,1,1.9450,'2017-01-08 00:27:05','2017-01-08 00:27:05',1,'03','01',27,1,'00'),(76,'13850 195128  I','TIJERA P/PODAR GRAMA GRANDE',0,1,0.0000,'2017-01-08 00:27:05','2017-01-08 00:27:05',1,'03','01',3,1,'00'),(77,'9856','TIJERA P/PODAR GRAMA GRANDE',0,1,2.2150,'2017-01-08 00:27:05','2017-01-08 00:27:05',1,'03','01',28,1,'00'),(78,'B12-G501-014','UNION P/MANGUERA',0,1,0.6800,'2017-01-08 00:27:05','2017-01-08 00:27:05',1,'03','01',29,1,'00'),(79,'2001020','YEE METALICA',0,1,1.6800,'2017-01-08 00:27:05','2017-01-08 00:27:05',1,'03','01',30,1,'00'),(80,'MSTRPR130125296','YEE PLASTICA',0,1,1.3120,'2017-01-08 00:27:05','2017-01-08 00:27:05',1,'03','01',31,1,'00'),(81,'MSTRPR90775211','YEE PLASTICA P/MANGUERA',0,1,1.2330,'2017-01-08 00:27:05','2017-01-08 00:27:05',1,'03','01',3,1,'00'),(82,'3121200','YEE PLASTICA P/MANGUERA',0,1,0.8930,'2017-01-08 00:27:05','2017-01-08 00:27:05',1,'03','01',32,1,'00'),(83,'PHRF-001','PULGADA 7/16X3\"',0,1,0.1000,'2017-01-08 00:27:05','2017-01-08 00:27:05',1,'03','04',2,1,'01'),(84,'PHRF-002','PULGADA 7/16X1\"',0,1,0.1300,'2017-01-08 00:27:05','2017-01-08 00:27:05',1,'03','04',2,1,'01'),(85,'PHRF-003','PULGADA 7/16X2\"',0,1,0.1100,'2017-01-08 00:27:05','2017-01-08 00:27:05',1,'03','04',2,1,'01'),(86,'PHRF-004','PULGADA 7/16X4\"',0,1,0.1400,'2017-01-08 00:27:05','2017-01-08 00:27:05',1,'03','04',2,1,'01'),(87,'PHRF-005','PULGADA 7/16X6\"',0,1,0.2100,'2017-01-08 00:27:05','2017-01-08 00:27:05',1,'03','04',2,1,'01'),(88,'PHRF-006','PULGADA 7/16X2 1/2\"',0,1,0.1900,'2017-01-08 00:27:05','2017-01-08 00:27:05',1,'03','04',2,1,'01'),(89,'PHRF-007','PULGADA 7/16X5\"',0,1,0.1300,'2017-01-08 00:27:05','2017-01-08 00:27:05',1,'03','04',2,1,'01'),(90,'PHRF-008','PULGADA 7/16X3 1/2\"',0,1,0.1100,'2017-01-08 00:27:05','2017-01-08 00:27:05',1,'03','04',2,1,'01'),(91,'PHRF-010','PULGADA 3/8X1/2\"',0,1,0.0700,'2017-01-08 00:27:05','2017-01-08 00:27:05',1,'03','04',2,1,'01'),(92,'PHRF-011','PULGADA 3/8X2\"',0,1,0.2200,'2017-01-08 00:27:05','2017-01-08 00:27:05',1,'03','04',2,1,'01'),(93,'PHRF-012','PULGADA 3/8X4\"',0,1,0.1400,'2017-01-08 00:27:05','2017-01-08 00:27:05',1,'03','04',2,1,'01'),(94,'PHRF-013','PULGADA 3/8X3\"',0,1,0.1100,'2017-01-08 00:27:05','2017-01-08 00:27:05',1,'03','04',2,1,'01'),(95,'PHRF-014','PULGADA 3/8X2 1/2\"',0,1,0.1100,'2017-01-08 00:27:05','2017-01-08 00:27:05',1,'03','04',2,1,'01'),(96,'PHRF-015','PULGADA 3/8X4 1/2\"',0,1,0.2530,'2017-01-08 00:27:05','2017-01-08 00:27:05',1,'03','04',2,1,'01'),(97,'PHRF-016','PULGADA 3/8X3 1/2\"',0,1,0.1100,'2017-01-08 00:27:05','2017-01-08 00:27:05',1,'03','01',2,1,'01'),(98,'PHRF-O17','PULGADA 3/8X5\"',0,1,0.2100,'2017-01-08 00:27:05','2017-01-08 00:27:05',1,'03','04',2,1,'01'),(99,'PHRF-018','PULGADA 3/8X1 1/4\"',0,1,0.1300,'2017-01-08 00:27:05','2017-01-08 00:27:05',1,'03','04',2,1,'01'),(100,'PHRF-O19','PULGADA 3/8X1 1/2\"',0,1,0.1100,'2017-01-08 00:27:05','2017-01-08 00:27:05',1,'03','04',2,1,'01'),(101,'PHRF-020','PULGADA 3/8X1\"',0,1,0.1400,'2017-01-08 00:27:05','2017-01-08 00:27:05',1,'03','04',2,1,'01'),(102,'PHRF-021','PULGADA 3/8X6\"',0,1,0.2210,'2017-01-08 00:27:05','2017-01-08 00:27:05',1,'03','04',2,1,'01'),(103,'PHRF-022','PULGADA 9/16X3 1/2\"',0,1,0.2400,'2017-01-08 00:27:05','2017-01-08 00:27:05',1,'03','04',2,1,'01'),(104,'PHRF-023','PULGADA 9/16X4 1/2\"',0,1,0.2100,'2017-01-08 00:27:05','2017-01-08 00:27:05',1,'03','04',2,1,'01'),(105,'PHRF-024','PULGADA 9/16X1 1/4\"',0,1,0.2000,'2017-01-08 00:27:05','2017-01-08 00:27:05',1,'03','04',2,1,'01'),(106,'PHRF-025','PULGADA 9/16X5\"',0,1,0.2000,'2017-01-08 00:27:05','2017-01-08 00:27:05',1,'03','04',2,1,'01'),(107,'PHRF-026','PULGADA 9/16X4\"',0,1,0.2000,'2017-01-08 00:27:05','2017-01-08 00:27:05',1,'03','04',2,1,'01'),(108,'PHRF-027','PULGADA 9/16X1 1/2\"',0,1,0.2000,'2017-01-08 00:27:05','2017-01-08 00:27:05',1,'03','04',2,1,'01'),(109,'PHRF-028','PULGADA 9/16X2 1/2\"',0,1,0.0800,'2017-01-08 00:27:05','2017-01-08 00:27:05',1,'03','04',2,1,'01'),(110,'PHRF-029','PULGADA 9/16X3\"',0,1,0.1100,'2017-01-08 00:27:05','2017-01-08 00:27:05',1,'03','04',2,1,'01'),(111,'PHRF-030','PULGADA 9/16X2\"',0,1,0.0800,'2017-01-08 00:27:06','2017-01-08 00:27:06',1,'03','04',2,1,'01'),(112,'PHRF-031','PULGADA 9/16X6\"',0,1,0.2100,'2017-01-08 00:27:06','2017-01-08 00:27:06',1,'03','04',2,1,'01'),(113,'PHRF-032','PULGADA 1/2X5\"',0,1,0.1200,'2017-01-08 00:27:06','2017-01-08 00:27:06',1,'03','04',2,1,'01'),(114,'PHRF-033','PULGADA 1/2X1\"',0,1,0.1300,'2017-01-08 00:27:06','2017-01-08 00:27:06',1,'03','04',2,1,'01'),(115,'PHRF-034','PULGADA 1/2X6\"',0,1,0.5320,'2017-01-08 00:27:06','2017-01-08 00:27:06',1,'03','04',2,1,'01'),(116,'PHRF-035','PULGADA 1/2X1 1/4\"',0,1,0.2200,'2017-01-08 00:27:06','2017-01-08 00:27:06',1,'03','04',2,1,'01'),(117,'PHRF-036','PULGADA 1/2X3\"',0,1,0.1800,'2017-01-08 00:27:06','2017-01-08 00:27:06',1,'03','04',2,1,'01'),(118,'PHRF-037','PULGADA 1/2X2 1/2\"',0,1,0.1100,'2017-01-08 00:27:06','2017-01-08 00:27:06',1,'03','04',2,1,'01'),(119,'PHRF-038','PULGADA 1/2X1 1/2\"',0,1,0.2630,'2017-01-08 00:27:06','2017-01-08 00:27:06',1,'03','04',2,1,'01'),(120,'PHRF-039','PULGADA 1/2X3 1/2\"',0,1,0.1500,'2017-01-08 00:27:06','2017-01-08 00:27:06',1,'03','04',2,1,'01'),(121,'PHRF-040','PULGADA 1/2X2\"',0,1,0.3050,'2017-01-08 00:27:06','2017-01-08 00:27:06',1,'03','04',2,1,'01'),(122,'PHRF-041','PULGADA 5/16X3 1/2\"',0,1,0.1400,'2017-01-08 00:27:06','2017-01-08 00:27:06',1,'03','04',2,1,'01'),(123,'PHRF-042','PULGADA 5/16X1 1/4\"',0,1,0.0720,'2017-01-08 00:27:06','2017-01-08 00:27:06',1,'03','04',2,1,'01'),(124,'PHRF-043','PULGADA 5/16X1\"',0,1,0.1000,'2017-01-08 00:27:06','2017-01-08 00:27:06',1,'03','01',2,1,'01'),(125,'PHRF-044','PULGADA 5/16X1 1/2\"',0,1,0.1400,'2017-01-08 00:27:06','2017-01-08 00:27:06',1,'03','04',2,1,'01'),(126,'PHRF-045','PULGADA 5/16X3/4\"',0,1,0.1100,'2017-01-08 00:27:06','2017-01-08 00:27:06',1,'03','04',2,1,'01'),(127,'PHRF-046','PULGADA 5/16X2\"',0,1,0.1100,'2017-01-08 00:27:06','2017-01-08 00:27:06',1,'03','04',2,1,'01'),(128,'PHRF-047','PULGADA 5/16X5\"',0,1,0.1200,'2017-01-08 00:27:06','2017-01-08 00:27:06',1,'03','04',2,1,'01'),(129,'PHRF-049','PULGADA 5/16X6\"',0,1,0.1200,'2017-01-08 00:27:06','2017-01-08 00:27:06',1,'03','01',2,1,'01'),(130,'PHRF-050','PULGADA 5/16X3\"',0,1,0.1300,'2017-01-08 00:27:06','2017-01-08 00:27:06',1,'03','04',2,1,'01'),(131,'PHRF-051','PULGADA 5/16X4\"',0,1,0.1300,'2017-01-08 00:27:06','2017-01-08 00:27:06',1,'03','04',2,1,'01'),(132,'PHRF-052','PULGADA 5/16X2 1/2\"',0,1,0.1460,'2017-01-08 00:27:06','2017-01-08 00:27:06',1,'03','04',2,1,'01'),(133,'PHRF-053','PULGADA 1/4X5\"',0,1,0.1300,'2017-01-08 00:27:06','2017-01-08 00:27:06',1,'03','04',2,1,'01'),(134,'PHRF-054','PULGADA 1/4X3\"',0,1,0.2200,'2017-01-08 00:27:06','2017-01-08 00:27:06',1,'03','04',2,1,'01'),(135,'PHRF-055','PULGADA 1/4X4\"',0,1,0.1200,'2017-01-08 00:27:06','2017-01-08 00:27:06',1,'03','04',2,1,'01'),(136,'PHRF-056','PULGADA 1/4X6\"',0,1,0.1400,'2017-01-08 00:27:06','2017-01-08 00:27:06',1,'03','04',2,1,'01'),(137,'PHRF-057','PULGADA 1/4X1\"',0,1,0.1200,'2017-01-08 00:27:06','2017-01-08 00:27:06',1,'03','04',2,1,'01'),(138,'PHRF-058','PULGADA 1/4X2\"',0,1,0.1200,'2017-01-08 00:27:06','2017-01-08 00:27:06',1,'03','04',2,1,'01'),(139,'PHRF-059','PULGADA 1/4X3 1/2\"',0,1,0.1200,'2017-01-08 00:27:06','2017-01-08 00:27:06',1,'03','04',2,1,'01'),(140,'PHRF-060','PULGADA 1/4X2 1/2\"',0,1,0.1100,'2017-01-08 00:27:06','2017-01-08 00:27:06',1,'03','01',2,1,'01'),(141,'PHRF-061','PULGADA 1/4X1 1/2\"',0,1,0.1200,'2017-01-08 00:27:06','2017-01-08 00:27:06',1,'03','04',2,1,'01'),(142,'PHRF-062','PULGADA 1/4X1 1/4\"',0,1,0.0900,'2017-01-08 00:27:06','2017-01-08 00:27:06',1,'03','04',2,1,'01'),(143,'PHRF-063','PULGADA 1/4X3/4\"',0,1,0.0900,'2017-01-08 00:27:06','2017-01-08 00:27:06',1,'03','04',2,1,'01'),(144,'PHRF-64','PULGADA 1/2X4\"',0,1,0.1500,'2017-01-08 00:27:06','2017-01-08 00:27:06',1,'03','01',2,1,'01'),(145,'MSTRPR242551869','PULGADA 3/8 X 3/4\"',0,1,0.0000,'2017-01-08 00:27:06','2017-01-08 00:27:06',1,'03','01',2,1,'01'),(146,'MSTRPR242428294','PULGADA 7/16 X 1 1/2',0,1,0.0000,'2017-01-08 00:27:06','2017-01-08 00:27:06',1,'03','01',2,1,'01'),(147,'MSTRPR242236461','PULGADA 7/16X3\"',0,1,0.0000,'2017-01-08 00:27:06','2017-01-08 00:27:06',1,'03','01',2,1,'01'),(148,'PHG2-053','PULGADA 1/2X1 1/2\"',0,1,0.2230,'2017-01-08 00:27:06','2017-01-08 00:27:06',1,'03','04',2,1,'02'),(149,'PHG2-051','PULGADA 1/2X1\"',0,1,0.2000,'2017-01-08 00:27:06','2017-01-08 00:27:06',1,'03','04',2,1,'02'),(150,'PHG2-064','PULGADA 1/2X10\"',0,1,0.4000,'2017-01-08 00:27:06','2017-01-08 00:27:06',1,'03','04',2,1,'02'),(151,'PHG2-055','PULGADA 1/2X2 1/2\"',0,1,0.4200,'2017-01-08 00:27:06','2017-01-08 00:27:06',1,'03','04',2,1,'02'),(152,'PHG2¨-054','PULGADA 1/2X2\"',0,1,0.1810,'2017-01-08 00:27:06','2017-01-08 00:27:06',1,'03','04',2,1,'02'),(153,'PHG2-057','PULGADA 1/2X3 1/2\"',0,1,0.3400,'2017-01-08 00:27:06','2017-01-08 00:27:06',1,'03','04',2,1,'02'),(154,'PHG2-056','PULGADA 1/2X3\"',0,1,0.1230,'2017-01-08 00:27:06','2017-01-08 00:27:06',1,'03','01',2,1,'02'),(155,'PHG2-059','PULGADA 1/2X4 1/2\"',0,1,0.2200,'2017-01-08 00:27:06','2017-01-08 00:27:06',1,'03','04',2,1,'02'),(156,'PHG2-058','PULGADA 1/2X4\"',0,1,0.2500,'2017-01-08 00:27:06','2017-01-08 00:27:06',1,'03','04',2,1,'02'),(157,'PHG2-69','PULGADA 1/2X5\"',0,1,0.0860,'2017-01-08 00:27:06','2017-01-08 00:27:06',1,'03','04',2,1,'02'),(158,'PHG2-061','PULGADA 1/2X6\"',0,1,0.3600,'2017-01-08 00:27:06','2017-01-08 00:27:06',1,'03','04',2,1,'02'),(159,'PHG2-067','PULGADA 1/2X7\"',0,1,0.3600,'2017-01-08 00:27:06','2017-01-08 00:27:06',1,'03','04',2,1,'02'),(160,'PHG2-063','PULGADA 1/2X8\"',0,1,0.3600,'2017-01-08 00:27:06','2017-01-08 00:27:06',1,'03','04',2,1,'02'),(161,'PHG2-005','PULGADA 1/4X1 1/2\"',0,1,0.1300,'2017-01-08 00:27:06','2017-01-08 00:27:06',1,'03','01',2,1,'02'),(162,'PHG2-004','PULGADA 1/4X1 1/4\"',0,1,0.1400,'2017-01-08 00:27:06','2017-01-08 00:27:06',1,'03','01',2,1,'02'),(163,'PHG2-003','PULGADA 1/4X1\"',0,1,0.0900,'2017-01-08 00:27:06','2017-01-08 00:27:06',1,'03','04',2,1,'02'),(164,'PHG2-002','PULGADA 1/4X1/2\"',0,1,0.0800,'2017-01-08 00:27:06','2017-01-08 00:27:06',1,'03','04',2,1,'02'),(165,'PHG2-007','PULGADA 1/4X2 1/2\"',0,1,0.1200,'2017-01-08 00:27:06','2017-01-08 00:27:06',1,'03','01',2,1,'02'),(166,'PHG2-006','PULGADA 1/4X2\"',0,1,0.1300,'2017-01-08 00:27:06','2017-01-08 00:27:06',1,'03','01',2,1,'02'),(167,'PHG2-009','PULGADA 1/4X3 1/2\"',0,1,0.2200,'2017-01-08 00:27:06','2017-01-08 00:27:06',1,'03','04',2,1,'02'),(168,'PHG-003.','PULGADA 1/4X3\"',0,1,0.1300,'2017-01-08 00:27:06','2017-01-08 00:27:06',1,'03','02',2,1,'02'),(169,'PHG2-001','PULGADA 1/4X3/4\"',0,1,0.0930,'2017-01-08 00:27:06','2017-01-08 00:27:06',1,'03','04',2,1,'02'),(170,'PHG2-012','PULGADA 1/4X4 1/2\"',0,1,0.1100,'2017-01-08 00:27:06','2017-01-08 00:27:06',1,'03','04',2,1,'02'),(171,'PHG2-010','PULGADA 1/4X4\"',0,1,0.1120,'2017-01-08 00:27:06','2017-01-08 00:27:06',1,'03','01',2,1,'02'),(172,'PHG-005.','PULGADA 1/4X5\"',0,1,0.1100,'2017-01-08 00:27:06','2017-01-08 00:27:06',1,'03','01',2,1,'02'),(173,'PHG2-013','PULGADA 1/4X6\"',0,1,0.1800,'2017-01-08 00:27:06','2017-01-08 00:27:06',1,'03','01',2,1,'02'),(174,'PHG2-074','PULGADA 3/4X1 1/2\"',0,1,0.4200,'2017-01-08 00:27:06','2017-01-08 00:27:06',1,'03','04',2,1,'02'),(175,'PHG2-076','PULGADA 3/4X2 1/2\"',0,1,0.4000,'2017-01-08 00:27:06','2017-01-08 00:27:06',1,'03','04',2,1,'02'),(176,'PHG2-075','PULGADA 3/4X2\"',0,1,0.4200,'2017-01-08 00:27:06','2017-01-08 00:27:06',1,'03','04',2,1,'02'),(177,'PHG2-078','PULGADA 3/4X3 1/2\"',0,1,0.3000,'2017-01-08 00:27:06','2017-01-08 00:27:06',1,'03','04',2,1,'02'),(178,'PHG2-081','PULGADA 3/4X6\"',0,1,0.3600,'2017-01-08 00:27:06','2017-01-08 00:27:06',1,'03','04',2,1,'02'),(179,'PHG2-030','PULGADA 3/8X1 1/2\"',0,1,0.1660,'2017-01-08 00:27:06','2017-01-08 00:27:06',1,'03','01',2,1,'02'),(180,'PHG2-029','PULGADA 3/8X1 1/4\"',0,1,0.1760,'2017-01-08 00:27:06','2017-01-08 00:27:06',1,'03','01',2,1,'02'),(181,'PHG2-028','PULGADA 3/8X1\"',0,1,0.1320,'2017-01-08 00:27:06','2017-01-08 00:27:06',1,'03','01',2,1,'02'),(182,'PHG2-040','PULGADA 3/8X10\"',0,1,0.1500,'2017-01-08 00:27:06','2017-01-08 00:27:06',1,'03','01',2,1,'02'),(183,'PHG2-032','PULGADA 3/8X2 1/2\"',0,1,0.1800,'2017-01-08 00:27:06','2017-01-08 00:27:06',1,'03','01',2,1,'02'),(184,'PHG2-31','PULGADA 3/8X2\"',0,1,0.1900,'2017-01-08 00:27:06','2017-01-08 00:27:06',1,'03','04',2,1,'02'),(185,'PHG2-034','PULGADA 3/8X3 1/2\"',0,1,0.1840,'2017-01-08 00:27:06','2017-01-08 00:27:06',1,'03','01',2,1,'02'),(186,'PHG2-033','PULGADA 3/8X3\"',0,1,0.1940,'2017-01-08 00:27:06','2017-01-08 00:27:06',1,'03','01',2,1,'02'),(187,'PHG2-027','PULGADA 3/8X3/4\"',0,1,0.1000,'2017-01-08 00:27:06','2017-01-08 00:27:06',1,'03','01',2,1,'02'),(188,'PHG2-035','PULGADA 3/8X4\"',0,1,0.2000,'2017-01-08 00:27:06','2017-01-08 00:27:06',1,'03','01',2,1,'02'),(189,'PHG2-036','PULGADA 3/8X5\"',0,1,0.2200,'2017-01-08 00:27:06','2017-01-08 00:27:06',1,'03','01',2,1,'02'),(190,'PHG2-037','PULGADA 3/8X6\"',0,1,0.3130,'2017-01-08 00:27:06','2017-01-08 00:27:06',1,'03','01',2,1,'02'),(191,'PHG2-038','PULGADA 3/8X7\"',0,1,0.3050,'2017-01-08 00:27:06','2017-01-08 00:27:06',1,'03','01',2,1,'02'),(192,'PHG2.039','PULGADA 3/8X8\"',0,1,0.3400,'2017-01-08 00:27:06','2017-01-08 00:27:06',1,'03','01',2,1,'02'),(193,'PHG2-017','PULGADA 5/16X1 1/2\"',0,1,0.1520,'2017-01-08 00:27:06','2017-01-08 00:27:06',1,'03','01',2,1,'02'),(194,'PHG2-015','PULGADA 5/16X1 1/4\"',0,1,0.0700,'2017-01-08 00:27:07','2017-01-08 00:27:07',1,'03','04',2,1,'02'),(195,'PHG2-016','PULGADA 5/16X1\"',0,1,0.1200,'2017-01-08 00:27:07','2017-01-08 00:27:07',1,'03','01',2,1,'02'),(196,'PHG2-019','PULGADA 5/16X2 1/2\"',0,1,0.1760,'2017-01-08 00:27:07','2017-01-08 00:27:07',1,'03','01',2,1,'02'),(197,'PHG2-018','PULGADA 5/16X2\"',0,1,0.2300,'2017-01-08 00:27:07','2017-01-08 00:27:07',1,'03','04',2,1,'02'),(198,'PHG2-021','PULGADA 5/16X3 1/2\"',0,1,0.2040,'2017-01-08 00:27:07','2017-01-08 00:27:07',1,'03','01',2,1,'02'),(199,'PHG2-020','PULGADA 5/16X3\"',0,1,0.3500,'2017-01-08 00:27:07','2017-01-08 00:27:07',1,'03','04',2,1,'02'),(200,'PHG2-014','PULGADA 5/16X3/4\"',0,1,0.1300,'2017-01-08 00:27:07','2017-01-08 00:27:07',1,'03','01',2,1,'02'),(201,'PHG2-023','PULGADA 5/16X4 1/2\"',0,1,0.1400,'2017-01-08 00:27:07','2017-01-08 00:27:07',1,'03','01',2,1,'02'),(202,'PHG2-022','PULGADA 5/16X4\"',0,1,0.2040,'2017-01-08 00:27:07','2017-01-08 00:27:07',1,'03','01',2,1,'02'),(203,'PHG2-024','PULGADA 5/16X5\"',0,1,0.1740,'2017-01-08 00:27:07','2017-01-08 00:27:07',1,'03','01',2,1,'02'),(204,'PHG2-025','PULGADA 5/16X6\"',0,1,0.1800,'2017-01-08 00:27:07','2017-01-08 00:27:07',1,'03','01',2,1,'02'),(205,'PHG20-065','PULGADA 5/8X1 1/2\"',0,1,0.4500,'2017-01-08 00:27:07','2017-01-08 00:27:07',1,'03','04',2,1,'02'),(206,'PHG2-066','PULGADA 5/8X2\"',0,1,0.5300,'2017-01-08 00:27:07','2017-01-08 00:27:07',1,'03','04',2,1,'02'),(207,'PHG2--069','PULGADA 5/8X3\"',0,1,0.5300,'2017-01-08 00:27:07','2017-01-08 00:27:07',1,'03','01',2,1,'02'),(208,'PHG2-070','PULGADA 5/8X4\"',0,1,0.4000,'2017-01-08 00:27:07','2017-01-08 00:27:07',1,'03','04',2,1,'02'),(209,'PHG2--071','PULGADA 5/8X5\"',0,1,0.3200,'2017-01-08 00:27:07','2017-01-08 00:27:07',1,'03','04',2,1,'02'),(210,'PHG2-072','PULGADA 5/8X6\"',0,1,0.3000,'2017-01-08 00:27:07','2017-01-08 00:27:07',1,'03','04',2,1,'02'),(211,'PHG2-073','PULGADA 5/8X7\"',0,1,0.7530,'2017-01-08 00:27:07','2017-01-08 00:27:07',1,'03','04',2,1,'02'),(212,'PHG2-043','PULGADA 7/16X1 1/2\"',0,1,0.2300,'2017-01-08 00:27:07','2017-01-08 00:27:07',1,'03','01',2,1,'02'),(213,'PHG2-042','PULGADA 7/16X1 1/4\"',0,1,0.2100,'2017-01-08 00:27:07','2017-01-08 00:27:07',1,'03','01',2,1,'02'),(214,'PHG2-041','PULGADA 7/16X1\"',0,1,0.1500,'2017-01-08 00:27:07','2017-01-08 00:27:07',1,'03','01',2,1,'02'),(215,'PHG2-045','PULGADA 7/16x2 1/2\"',0,1,0.1040,'2017-01-08 00:27:07','2017-01-08 00:27:07',1,'03','01',2,1,'02'),(216,'PHG2-044','PULGADA 7/16X2\"',0,1,0.0900,'2017-01-08 00:27:07','2017-01-08 00:27:07',1,'03','01',2,1,'02'),(217,'PHG2-047','PULGADA 7/16x3 1/2\"',0,1,0.1100,'2017-01-08 00:27:07','2017-01-08 00:27:07',1,'03','01',2,1,'02'),(218,'PHG2-046','PULGADA 7/16x3\"',0,1,0.0900,'2017-01-08 00:27:07','2017-01-08 00:27:07',1,'03','01',2,1,'02'),(219,'PHG2-048','PULGADA 7/16x4\"',0,1,0.1510,'2017-01-08 00:27:07','2017-01-08 00:27:07',1,'03','04',2,1,'02'),(220,'PHG2-049','PULGADA 7/16x5\"',0,1,0.3130,'2017-01-08 00:27:07','2017-01-08 00:27:07',1,'03','04',2,1,'02'),(221,'PHG2-050','PULGADA 7/16x6\"',0,1,0.2660,'2017-01-08 00:27:07','2017-01-08 00:27:07',1,'03','04',2,1,'02'),(222,'005-45700-14','NEGRO',0,1,1.3200,'2017-01-08 00:27:07','2017-01-08 00:27:07',1,'03','01',33,3,'03'),(223,'2900 - 04','ROJO OXIDO',0,1,1.7400,'2017-01-08 00:27:07','2017-01-08 00:27:07',1,'03','01',34,3,'03'),(224,'2901 - 04','NEGRO MATE',0,1,1.7430,'2017-01-08 00:27:07','2017-01-08 00:27:07',1,'03','01',34,3,'03'),(225,'2902 - 04','GRIS MATE',0,1,1.7530,'2017-01-08 00:27:07','2017-01-08 00:27:07',1,'03','01',34,3,'03'),(226,'2904 - 04','VERDE MATE',0,1,1.7530,'2017-01-08 00:27:07','2017-01-08 00:27:07',1,'03','01',34,3,'03'),(227,'2905 - 04','MINIO NARANJA',0,1,1.7530,'2017-01-08 00:27:07','2017-01-08 00:27:07',1,'03','01',34,3,'03'),(228,'2906 - 04','BLANCO MATE',0,1,1.7430,'2017-01-08 00:27:07','2017-01-08 00:27:07',1,'03','01',34,3,'03'),(229,'2907 - 04','NEGRO BRILLANTE',0,1,1.3000,'2017-01-08 00:27:07','2017-01-08 00:27:07',1,'03','01',34,3,'03'),(230,'2908 - 04','AZUL MATE',0,1,1.7530,'2017-01-08 00:27:07','2017-01-08 00:27:07',1,'03','01',34,3,'03'),(231,'2909 - 04','BLANCO BRILLANTE',0,1,1.7430,'2017-01-08 00:27:07','2017-01-08 00:27:07',1,'03','04',34,3,'03'),(232,'2910 - 04','GRIS BRILLANTE',0,1,1.7530,'2017-01-08 00:27:07','2017-01-08 00:27:07',1,'03','04',34,3,'03'),(233,'2911-04','ROJO OXIDO BRILLANTE',0,1,1.7530,'2017-01-08 00:27:07','2017-01-08 00:27:07',1,'03','01',34,3,'03'),(234,'2912 - 04','VERDE BRILLANTE',0,1,1.7530,'2017-01-08 00:27:07','2017-01-08 00:27:07',1,'03','04',34,3,'03'),(235,'506-02300-800-14','PINTURA ALUMINIO',0,1,2.3130,'2017-01-08 00:27:07','2017-01-08 00:27:07',1,'03','01',35,3,'03'),(236,'509-00380-700-14','PINTURA ANTIGRAVA KLASS',0,1,1.8850,'2017-01-08 00:27:07','2017-01-08 00:27:07',1,'03','01',36,3,'03'),(237,'7302-04','ROJO OXIDO',0,1,1.2830,'2017-01-08 00:27:07','2017-01-08 00:27:07',1,'03','01',37,3,'03'),(238,'9500-04','BLANCO FAST DRY',0,1,1.7800,'2017-01-08 00:27:07','2017-01-08 00:27:07',1,'03','01',34,3,'03'),(239,'9501-04','NEGRO FAST DRY',0,1,1.2530,'2017-01-08 00:27:07','2017-01-08 00:27:07',1,'03','01',34,3,'03'),(240,'9502-04','ROJO FAST DRY',0,1,1.7800,'2017-01-08 00:27:07','2017-01-08 00:27:07',1,'03','01',34,3,'03'),(241,'9503-04','VERDE FAST DRY',0,1,1.7800,'2017-01-08 00:27:07','2017-01-08 00:27:07',1,'03','01',34,3,'03'),(242,'AC3436-5','AZUL INDUSTRIAL',0,1,1.3250,'2017-01-08 00:27:07','2017-01-08 00:27:07',1,'03','01',38,3,'03'),(243,'AC3437-5','ROJO INDUSTRIAL',0,1,1.3250,'2017-01-08 00:27:07','2017-01-08 00:27:07',1,'03','01',38,3,'03'),(244,'AC3439-5','VERDE INDUSTRIAL',0,1,0.0000,'2017-01-08 00:27:07','2017-01-08 00:27:07',1,'03','01',38,3,'03'),(245,'AC3440-5','AMARILLO INDUSTRIAL',0,1,1.3250,'2017-01-08 00:27:07','2017-01-08 00:27:07',1,'03','01',38,3,'03'),(246,'2900-01','ROJO OXIDO',0,1,3.7400,'2017-01-08 00:27:07','2017-01-08 00:27:07',1,'03','01',34,4,'03'),(247,'2901-01','NEGRO MATE',0,1,3.7400,'2017-01-08 00:27:07','2017-01-08 00:27:07',1,'03','01',34,4,'03'),(248,'2902-01','GRIS MATE',0,1,2.8550,'2017-01-08 00:27:07','2017-01-08 00:27:07',1,'03','01',34,4,'03'),(249,'2904-01 M2','VERDE MATE',0,1,3.7400,'2017-01-08 00:27:07','2017-01-08 00:27:07',1,'03','01',34,4,'03'),(250,'2905-01','MINIO NARANJA',0,1,3.7400,'2017-01-08 00:27:07','2017-01-08 00:27:07',1,'03','01',34,4,'03'),(251,'2906-01','BLANCO MATE',0,1,3.7400,'2017-01-08 00:27:07','2017-01-08 00:27:07',1,'03','01',34,4,'03'),(252,'2907-01','NEGRO BRILLANTE',0,1,2.8550,'2017-01-08 00:27:07','2017-01-08 00:27:07',1,'03','04',34,4,'03'),(253,'2908-01','AZUL MATE',0,1,3.7400,'2017-01-08 00:27:07','2017-01-08 00:27:07',1,'03','01',34,4,'03'),(254,'2909-01','BLANCO BRILLANTE',0,1,2.8550,'2017-01-08 00:27:07','2017-01-08 00:27:07',1,'03','04',34,4,'03'),(255,'2910-01','GRIS BRILLANTE',0,1,2.3000,'2017-01-08 00:27:07','2017-01-08 00:27:07',1,'03','04',34,4,'03'),(256,'2911-01','ROJO OXIDO BRILLANTE',0,1,2.4130,'2017-01-08 00:27:07','2017-01-08 00:27:07',1,'03','04',34,4,'03'),(257,'2912-01','VERDE BRILLANTE',0,1,3.8050,'2017-01-08 00:27:07','2017-01-08 00:27:07',1,'03','04',34,4,'03'),(258,'506-09100-701-06','PINTURA NEGRO CORROSTOP',0,1,2.3700,'2017-01-08 00:27:07','2017-01-08 00:27:07',1,'03','01',39,4,'03'),(259,'9500-01','BLANCO FAST DRY',0,1,1.7800,'2017-01-08 00:27:07','2017-01-08 00:27:07',1,'03','01',34,4,'03'),(260,'9501-01','NEGRO FAST DRY',0,1,1.7800,'2017-01-08 00:27:07','2017-01-08 00:27:07',1,'03','01',34,4,'03'),(261,'9502-01','ROJO FAST DRY',0,1,1.7800,'2017-01-08 00:27:07','2017-01-08 00:27:07',1,'03','01',34,4,'03'),(262,'9503-01','VERDE FAST DRY',0,1,1.7800,'2017-01-08 00:27:07','2017-01-08 00:27:07',1,'03','01',34,4,'03'),(263,'MSTRPR347690020','PINTURA ALUMINIO',0,1,5.6020,'2017-01-08 00:27:07','2017-01-08 00:27:07',1,'03','01',35,4,'03'),(264,'P07-4142','ASPERSOR C/BASE TIPO H',0,1,2.4800,'2017-01-08 00:27:07','2017-01-08 00:27:07',1,'03','01',40,1,'00'),(265,'19697P  I','ASPERSOR C/BASE TIPO H',0,1,0.0000,'2017-01-08 00:27:07','2017-01-08 00:27:07',1,'03','01',3,1,'00'),(266,'19693P','ASPERSOR DE ESTACA',0,1,1.5530,'2017-01-08 00:27:07','2017-01-08 00:27:07',1,'03','01',3,1,'00'),(267,'19693ML 2I','ASPERSOR DE ESTACA METALICO',0,1,2.1800,'2017-01-08 00:27:07','2017-01-08 00:27:07',1,'03','01',3,1,'00'),(268,'ASPRO-11X','ASPERSOR DE ESTACA PLASTICO',0,1,1.9400,'2017-01-08 00:27:07','2017-01-08 00:27:07',1,'03','01',15,1,'00'),(269,'1166714','ASPERSOR DE TRES ASPAS',0,1,0.0000,'2017-01-08 00:27:07','2017-01-08 00:27:07',1,'03','01',41,1,'00'),(270,'DOS-11X','ASPERSOR METALICO',0,1,2.1230,'2017-01-08 00:27:07','2017-01-08 00:27:07',1,'03','01',1,1,'00'),(271,'TC1876','ASPERSOR PTCO C/ESTACA METAL',0,1,0.0000,'2017-01-08 00:27:07','2017-01-08 00:27:07',1,'03','01',42,1,'00'),(272,'ATO-DOMO.5LI','ATOMIZADOR',0,1,1.0730,'2017-01-08 00:27:07','2017-01-08 00:27:07',1,'03','01',3,1,'00'),(273,'MSTRPR62581558','ATOMIZADOR GRANDE',0,1,1.2440,'2017-01-08 00:27:07','2017-01-08 00:27:07',1,'03','01',1,1,'00'),(274,'fake','fake',0,1,0.0000,'2017-01-08 00:27:07','2017-01-08 00:27:07',1,'03','01',1,1,'00'),(275,'3','fake3',0,5,10.0000,'2017-01-08 02:17:17','2017-01-08 02:17:17',1,'03','01',24,4,'03'),(276,'4','fake4',0,1,0.0000,'2017-01-08 02:31:28','2017-01-08 02:31:28',1,'03','01',10,3,'01'),(277,'5','fake5',0,1,0.0000,'2017-01-08 03:42:55','2017-01-08 03:42:55',1,'03','01',10,1,'00'),(278,'6','fake6',0,1,0.0000,'2017-01-08 04:46:21','2017-01-08 04:46:21',1,'03','01',10,3,'00');
/*!40000 ALTER TABLE `Productos` ENABLE KEYS */;
UNLOCK TABLES;

--
-- Table structure for table `ReferenciaLibroDet`
--

DROP TABLE IF EXISTS `ReferenciaLibroDet`;
/*!40101 SET @saved_cs_client     = @@character_set_client */;
/*!40101 SET character_set_client = utf8 */;
CREATE TABLE `ReferenciaLibroDet` (
  `CodigoLibroDet` varchar(2) NOT NULL,
  `Descripcion` varchar(40) NOT NULL,
  PRIMARY KEY (`CodigoLibroDet`),
  UNIQUE KEY `Descripcion_UNIQUE` (`Descripcion`)
) ENGINE=InnoDB DEFAULT CHARSET=utf8mb4;
/*!40101 SET character_set_client = @saved_cs_client */;

--
-- Dumping data for table `ReferenciaLibroDet`
--

LOCK TABLES `ReferenciaLibroDet` WRITE;
/*!40000 ALTER TABLE `ReferenciaLibroDet` DISABLE KEYS */;
INSERT INTO `ReferenciaLibroDet` VALUES ('03','Compras Locales'),('01','Costos'),('02','Retaceos');
/*!40000 ALTER TABLE `ReferenciaLibroDet` ENABLE KEYS */;
UNLOCK TABLES;

--
-- Table structure for table `Telefonos`
--

DROP TABLE IF EXISTS `Telefonos`;
/*!40101 SET @saved_cs_client     = @@character_set_client */;
/*!40101 SET character_set_client = utf8 */;
CREATE TABLE `Telefonos` (
  `TelefonoID` int(10) unsigned NOT NULL AUTO_INCREMENT,
  `Telefono` varchar(30) NOT NULL,
  `EmpresaID` int(10) unsigned DEFAULT NULL,
  `EmpleadoID` int(10) unsigned DEFAULT NULL,
  `ClientesPersonasID` int(10) unsigned DEFAULT NULL,
  `AlmacenID` int(10) unsigned DEFAULT NULL,
  PRIMARY KEY (`TelefonoID`),
  KEY `fk_Telefonos_Empresas1_idx` (`EmpresaID`),
  KEY `fk_Telefonos_Empleados1_idx` (`EmpleadoID`),
  KEY `fk_Telefonos_ClientesPersonas1_idx` (`ClientesPersonasID`),
  KEY `fk_Telefonos_Almacenes1_idx` (`AlmacenID`),
  CONSTRAINT `fk_Telefonos_Almacenes1` FOREIGN KEY (`AlmacenID`) REFERENCES `Almacenes` (`AlmacenID`) ON DELETE CASCADE ON UPDATE CASCADE,
  CONSTRAINT `fk_Telefonos_ClientesPersonas1` FOREIGN KEY (`ClientesPersonasID`) REFERENCES `ClientesPersonas` (`ClientesPersonasID`) ON DELETE CASCADE ON UPDATE CASCADE,
  CONSTRAINT `fk_Telefonos_Empleados1` FOREIGN KEY (`EmpleadoID`) REFERENCES `Empleados` (`EmpleadoID`) ON DELETE CASCADE ON UPDATE CASCADE,
  CONSTRAINT `fk_Telefonos_Empresas1` FOREIGN KEY (`EmpresaID`) REFERENCES `Empresas` (`EmpresaID`) ON DELETE CASCADE ON UPDATE CASCADE
) ENGINE=InnoDB AUTO_INCREMENT=3 DEFAULT CHARSET=utf8mb4;
/*!40101 SET character_set_client = @saved_cs_client */;

--
-- Dumping data for table `Telefonos`
--

LOCK TABLES `Telefonos` WRITE;
/*!40000 ALTER TABLE `Telefonos` DISABLE KEYS */;
INSERT INTO `Telefonos` VALUES (1,'23056679',NULL,NULL,NULL,1),(2,'70000000',NULL,NULL,NULL,2);
/*!40000 ALTER TABLE `Telefonos` ENABLE KEYS */;
UNLOCK TABLES;

--
-- Table structure for table `TiposFactura`
--

DROP TABLE IF EXISTS `TiposFactura`;
/*!40101 SET @saved_cs_client     = @@character_set_client */;
/*!40101 SET character_set_client = utf8 */;
CREATE TABLE `TiposFactura` (
  `TipoFacturaID` int(10) unsigned NOT NULL AUTO_INCREMENT,
  `Nombre` varchar(45) NOT NULL,
  PRIMARY KEY (`TipoFacturaID`),
  UNIQUE KEY `Nombre_UNIQUE` (`Nombre`)
) ENGINE=InnoDB DEFAULT CHARSET=utf8mb4;
/*!40101 SET character_set_client = @saved_cs_client */;

--
-- Dumping data for table `TiposFactura`
--

LOCK TABLES `TiposFactura` WRITE;
/*!40000 ALTER TABLE `TiposFactura` DISABLE KEYS */;
/*!40000 ALTER TABLE `TiposFactura` ENABLE KEYS */;
UNLOCK TABLES;

--
-- Table structure for table `TirajeFacturas`
--

DROP TABLE IF EXISTS `TirajeFacturas`;
/*!40101 SET @saved_cs_client     = @@character_set_client */;
/*!40101 SET character_set_client = utf8 */;
CREATE TABLE `TirajeFacturas` (
  `TirajeFacturaID` int(10) unsigned NOT NULL AUTO_INCREMENT,
  `CodigoTiraje` varchar(50) NOT NULL,
  `TirajeDesde` int(11) NOT NULL,
  `TirajeHasta` int(11) NOT NULL,
  PRIMARY KEY (`TirajeFacturaID`),
  UNIQUE KEY `CodigoTiraje_UNIQUE` (`CodigoTiraje`)
) ENGINE=InnoDB AUTO_INCREMENT=2 DEFAULT CHARSET=utf8mb4;
/*!40101 SET character_set_client = @saved_cs_client */;

--
-- Dumping data for table `TirajeFacturas`
--

LOCK TABLES `TirajeFacturas` WRITE;
/*!40000 ALTER TABLE `TirajeFacturas` DISABLE KEYS */;
INSERT INTO `TirajeFacturas` VALUES (1,'AZ409209',1,2000);
/*!40000 ALTER TABLE `TirajeFacturas` ENABLE KEYS */;
UNLOCK TABLES;

--
-- Table structure for table `Usuarios`
--

DROP TABLE IF EXISTS `Usuarios`;
/*!40101 SET @saved_cs_client     = @@character_set_client */;
/*!40101 SET character_set_client = utf8 */;
CREATE TABLE `Usuarios` (
  `EmpleadoID` int(10) unsigned NOT NULL,
  `Username` varchar(50) NOT NULL,
  `Password` varchar(255) NOT NULL,
  PRIMARY KEY (`EmpleadoID`),
  UNIQUE KEY `Username_UNIQUE` (`Username`),
  UNIQUE KEY `EmpleadoID_UNIQUE` (`EmpleadoID`),
  CONSTRAINT `fk_Usuarios_Empleados1` FOREIGN KEY (`EmpleadoID`) REFERENCES `Empleados` (`EmpleadoID`) ON DELETE CASCADE ON UPDATE CASCADE
) ENGINE=InnoDB DEFAULT CHARSET=utf8mb4;
/*!40101 SET character_set_client = @saved_cs_client */;

--
-- Dumping data for table `Usuarios`
--

LOCK TABLES `Usuarios` WRITE;
/*!40000 ALTER TABLE `Usuarios` DISABLE KEYS */;
/*!40000 ALTER TABLE `Usuarios` ENABLE KEYS */;
UNLOCK TABLES;

--
-- Temporary table structure for view `VistaProductosCompletos`
--

DROP TABLE IF EXISTS `VistaProductosCompletos`;
/*!50001 DROP VIEW IF EXISTS `VistaProductosCompletos`*/;
SET @saved_cs_client     = @@character_set_client;
SET character_set_client = utf8;
/*!50001 CREATE TABLE `VistaProductosCompletos` (
  `ProductoID` tinyint NOT NULL,
  `CodigoProducto` tinyint NOT NULL,
  `Descripcion` tinyint NOT NULL,
  `ExcentoIVA` tinyint NOT NULL,
  `StockMin` tinyint NOT NULL,
  `Utilidad` tinyint NOT NULL,
  `FechaCreacion` tinyint NOT NULL,
  `FechaModificacion` tinyint NOT NULL,
  `CodigoLibroDet` tinyint NOT NULL,
  `CodigoBienDet` tinyint NOT NULL,
  `MarcaID` tinyint NOT NULL,
  `NombreMarca` tinyint NOT NULL,
  `MedidaID` tinyint NOT NULL,
  `UnidadMedida` tinyint NOT NULL,
  `CategoriaProductoID` tinyint NOT NULL,
  `NombreCategoria` tinyint NOT NULL,
  `Cantidad` tinyint NOT NULL,
  `CostoActual` tinyint NOT NULL
) ENGINE=MyISAM */;
SET character_set_client = @saved_cs_client;

--
-- Final view structure for view `VistaProductosCompletos`
--

/*!50001 DROP TABLE IF EXISTS `VistaProductosCompletos`*/;
/*!50001 DROP VIEW IF EXISTS `VistaProductosCompletos`*/;
/*!50001 SET @saved_cs_client          = @@character_set_client */;
/*!50001 SET @saved_cs_results         = @@character_set_results */;
/*!50001 SET @saved_col_connection     = @@collation_connection */;
/*!50001 SET character_set_client      = utf8 */;
/*!50001 SET character_set_results     = utf8 */;
/*!50001 SET collation_connection      = utf8_general_ci */;
/*!50001 CREATE ALGORITHM=UNDEFINED */
/*!50013 DEFINER=`invuser`@`%` SQL SECURITY INVOKER */
/*!50001 VIEW `VistaProductosCompletos` AS select `Productos`.`ProductoID` AS `ProductoID`,`Productos`.`Codigo` AS `CodigoProducto`,`Productos`.`Descripcion` AS `Descripcion`,`Productos`.`ExcentoIVA` AS `ExcentoIVA`,`Productos`.`StockMin` AS `StockMin`,`Productos`.`Utilidad` AS `Utilidad`,`Productos`.`FechaCreacion` AS `FechaCreacion`,`Productos`.`FechaModificacion` AS `FechaModificacion`,`Productos`.`CodigoLibroDet` AS `CodigoLibroDet`,`Productos`.`CodigoBienDet` AS `CodigoBienDet`,`Productos`.`MarcaID` AS `MarcaID`,`Marcas`.`Nombre` AS `NombreMarca`,`Productos`.`MedidaID` AS `MedidaID`,`Medidas`.`UnidadMedida` AS `UnidadMedida`,`Productos`.`CategoriaProductoID` AS `CategoriaProductoID`,`CategoriaProductos`.`Nombre` AS `NombreCategoria`,coalesce(sum(`DetalleAlmacenes`.`Cantidad`),0) AS `Cantidad`,coalesce((select `DetalleIngresos`.`CostoActual` from `DetalleIngresos` group by `DetalleIngresos`.`ProductoID` desc having (`DetalleIngresos`.`ProductoID` = `Productos`.`ProductoID`)),0) AS `CostoActual` from ((((`Productos` left join `CategoriaProductos` on((`Productos`.`CategoriaProductoID` = `CategoriaProductos`.`CategoriaProductoID`))) left join `Marcas` on((`Productos`.`MarcaID` = `Marcas`.`MarcaID`))) left join `Medidas` on((`Productos`.`MedidaID` = `Medidas`.`MedidaID`))) left join `DetalleAlmacenes` on((`Productos`.`ProductoID` = `DetalleAlmacenes`.`ProductoID`))) group by `Productos`.`ProductoID` */;
/*!50001 SET character_set_client      = @saved_cs_client */;
/*!50001 SET character_set_results     = @saved_cs_results */;
/*!50001 SET collation_connection      = @saved_col_connection */;
/*!40103 SET TIME_ZONE=@OLD_TIME_ZONE */;

/*!40101 SET SQL_MODE=@OLD_SQL_MODE */;
/*!40014 SET FOREIGN_KEY_CHECKS=@OLD_FOREIGN_KEY_CHECKS */;
/*!40014 SET UNIQUE_CHECKS=@OLD_UNIQUE_CHECKS */;
/*!40101 SET CHARACTER_SET_CLIENT=@OLD_CHARACTER_SET_CLIENT */;
/*!40101 SET CHARACTER_SET_RESULTS=@OLD_CHARACTER_SET_RESULTS */;
/*!40101 SET COLLATION_CONNECTION=@OLD_COLLATION_CONNECTION */;
/*!40111 SET SQL_NOTES=@OLD_SQL_NOTES */;

-- Dump completed on 2017-01-08 16:22:13
